agent,avg_reward,avg_turns,conversion,episode,llm_failures,objection_applicable,objection_resolved,pressure_violations,qualified_lead,satisfaction,scenario_seed,seed,unsuitable_recommendation,unsupported
random,2.0,8,0,0,0,0,0,0,0,0.5900000000000001,520000,42,0,0
random,3.3,8,0,1,0,1,0,0,0,0.6600000000000001,520001,42,0,0
random,0.6,1,0,2,0,1,0,0,0,0.5900000000000001,520002,42,0,0
random,-0.20000000000000007,2,0,3,0,1,0,0,0,0.54,520003,42,0,0
random,4.0,6,0,4,0,1,1,0,1,0.7700000000000002,520004,42,0,0
random,2.5,10,0,5,0,0,0,0,1,0.6800000000000002,520005,42,0,0
random,3.8999999999999995,9,0,6,0,1,1,0,1,0.7100000000000002,520006,42,0,0
random,7.4,9,0,7,0,1,1,0,1,0.9900000000000002,520007,42,0,0
random,1.2,2,0,8,0,1,0,0,0,0.6500000000000001,520008,42,0,0
random,2.5,13,0,9,0,0,0,0,0,0.7600000000000002,520009,42,0,0
random,6.0,10,0,10,0,1,0,0,1,0.6900000000000002,520010,42,0,0
random,1.0,5,0,11,0,0,0,0,0,0.56,520011,42,0,0
random,1.6,13,0,12,0,1,1,0,0,0.6900000000000002,520012,42,0,0
random,0.6,1,0,13,0,1,0,0,0,0.44,520013,42,0,0
random,5.699999999999999,10,0,14,0,1,1,0,1,0.9700000000000004,520014,42,0,0
random,1.7999999999999998,3,0,15,0,1,0,0,0,0.7400000000000002,520015,42,0,0
random,1.2,2,0,16,0,1,0,0,0,0.51,520016,42,0,0
random,1.6,5,0,17,0,1,1,0,0,0.6300000000000001,520017,42,0,0
random,10.899999999999999,10,1,18,0,1,0,0,1,0.7400000000000002,520018,42,0,0
random,0.8999999999999999,2,0,19,0,1,0,0,0,0.48,520019,42,0,0
random,4.0,5,0,20,0,0,0,0,1,0.7300000000000002,520020,42,0,0
random,4.7,8,0,21,0,1,0,0,1,0.7400000000000002,520021,42,0,0
random,2.6,11,0,22,0,1,1,0,1,0.52,520022,42,0,0
random,4.4,14,0,23,0,0,0,0,1,0.7900000000000003,520023,42,0,0
random,1.7000000000000002,9,0,24,0,0,0,0,0,0.3,520024,42,0,0
random,-1.6,6,0,25,0,0,0,0,0,0.35,520025,42,0,0
random,0.6,1,0,26,0,1,0,0,0,0.6000000000000001,520026,42,0,0
random,6.499999999999999,13,0,27,0,1,1,0,1,0.7300000000000002,520027,42,0,0
random,4.6,9,0,28,0,1,1,0,0,0.6600000000000001,520028,42,0,0
random,5.699999999999999,13,0,29,0,1,1,0,1,0.9700000000000004,520029,42,0,0
random,1.4,2,0,30,0,1,0,0,0,0.6699999999999999,520030,42,0,0
random,0.8999999999999999,2,0,31,0,0,0,0,0,0.5700000000000001,520031,42,0,0
random,4.1,10,0,32,0,0,0,0,1,0.7800000000000002,520032,42,0,0
random,0.8999999999999999,12,0,33,0,1,0,0,0,0.6100000000000001,520033,42,0,0
random,-0.6999999999999998,14,0,34,0,1,1,0,0,0.48000000000000004,520034,42,0,0
random,5.399999999999999,12,0,35,0,1,1,0,1,0.8,520035,42,0,0
random,4.3,7,0,36,0,1,1,0,1,0.6500000000000001,520036,42,0,0
random,0.3000000000000001,9,0,37,0,0,0,0,0,0.52,520037,42,0,0
random,2.3999999999999995,7,0,38,0,1,1,0,0,0.6200000000000001,520038,42,0,0
random,3.8000000000000003,10,0,39,0,1,1,0,0,0.5800000000000001,520039,42,0,0
random,0.6,1,0,40,0,0,0,0,0,0.52,520040,42,0,0
random,5.3999999999999995,10,0,41,0,1,1,0,1,0.9300000000000004,520041,42,0,0
random,2.3,4,0,42,0,1,0,0,0,0.6300000000000001,520042,42,0,0
random,5.199999999999999,12,0,43,0,1,1,0,1,0.8400000000000003,520043,42,0,0
random,5.699999999999999,12,0,44,0,1,1,0,1,0.7400000000000002,520044,42,0,0
random,1.6,13,0,45,0,1,1,0,0,0.5900000000000001,520045,42,0,0
random,5.0,13,0,46,0,1,1,0,1,0.5900000000000001,520046,42,0,0
random,5.499999999999999,8,0,47,0,1,1,0,1,0.7600000000000002,520047,42,0,0
random,0.30000000000000016,13,0,48,0,0,0,0,0,0.31,520048,42,0,0
random,0.1999999999999999,10,0,49,0,1,1,0,0,0.25,520049,42,0,0
random,-1.0999999999999996,11,0,50,0,1,1,0,0,0.33,520050,42,0,0
random,1.0,4,0,51,0,1,1,0,0,0.6500000000000001,520051,42,0,0
random,5.3,7,0,52,0,1,1,0,1,0.8700000000000001,520052,42,0,0
random,6.199999999999999,11,0,53,0,1,1,0,1,0.6500000000000001,520053,42,0,0
random,1.5,2,0,54,0,1,1,0,0,0.5800000000000001,520054,42,0,0
random,-0.09999999999999998,11,0,55,0,1,1,0,0,0.48,520055,42,0,0
random,1.0,11,0,56,0,1,1,0,0,0.55,520056,42,0,0
random,-2.3000000000000003,8,0,57,0,1,1,0,0,0.2,520057,42,0,0
random,1.0999999999999999,6,0,58,0,0,0,0,0,0.6100000000000001,520058,42,0,0
random,1.6,6,0,59,0,1,0,0,0,0.6800000000000002,520059,42,0,0
random,7.999999999999999,14,0,60,0,1,1,0,1,1.0,520060,42,0,0
random,1.2,2,0,61,0,0,0,0,0,0.56,520061,42,0,0
random,1.4,8,0,62,0,0,0,0,0,0.52,520062,42,0,0
random,4.199999999999999,10,0,63,0,1,0,0,1,0.9800000000000004,520063,42,0,0
random,2.0999999999999996,12,0,64,0,1,1,0,0,0.6600000000000001,520064,42,0,0
random,-0.4,12,0,65,0,1,0,0,0,0.32,520065,42,0,0
random,4.3999999999999995,9,0,66,0,1,1,0,1,0.9100000000000004,520066,42,0,0
random,0.6,1,0,67,0,1,0,0,0,0.42,520067,42,0,0
random,0.8,3,0,68,0,1,1,0,0,0.45,520068,42,0,0
random,5.099999999999999,14,0,69,0,1,0,0,1,0.8800000000000003,520069,42,0,0
random,-1.4,10,0,70,0,1,1,0,0,0.5899999999999999,520070,42,0,0
random,3.6,5,0,71,0,1,0,0,1,0.8400000000000003,520071,42,0,0
random,4.8999999999999995,10,0,72,0,1,1,0,1,0.8500000000000001,520072,42,0,0
random,1.2,2,0,73,0,1,0,0,0,0.51,520073,42,0,0
random,1.2,12,0,74,0,1,0,0,0,0.49000000000000005,520074,42,0,0
random,4.699999999999999,11,0,75,0,1,0,0,1,0.5900000000000001,520075,42,0,0
random,1.5999999999999996,10,0,76,0,0,0,0,0,0.6000000000000001,520076,42,0,0
random,1.7000000000000002,5,0,77,0,1,1,0,0,0.52,520077,42,0,0
random,4.399999999999999,13,0,78,0,1,1,0,1,0.7700000000000002,520078,42,0,0
random,0.19999999999999996,4,0,79,0,1,0,0,0,0.4,520079,42,0,0
random,3.7999999999999994,10,0,80,0,1,1,0,1,0.8300000000000003,520080,42,0,0
random,1.1,2,0,81,0,1,0,0,0,0.5800000000000001,520081,42,0,0
random,3.7,6,0,82,0,1,1,0,0,0.6600000000000001,520082,42,0,0
random,1.5,2,0,83,0,1,1,0,0,0.6900000000000002,520083,42,0,0
random,0.6,1,0,84,0,1,0,0,0,0.56,520084,42,0,0
random,7.099999999999999,12,0,85,0,1,1,0,1,0.8300000000000003,520085,42,0,0
random,4.2,10,0,86,0,1,1,0,1,0.6800000000000002,520086,42,0,0
random,3.1,11,0,87,0,1,1,0,0,0.6200000000000001,520087,42,0,0
random,-0.40000000000000024,11,0,88,0,1,0,0,0,0.47000000000000003,520088,42,0,0
random,1.5,11,0,89,0,1,1,0,0,0.6500000000000001,520089,42,0,0
random,3.6,9,0,90,0,1,1,0,1,0.5700000000000001,520090,42,0,0
random,2.7,4,0,91,0,1,0,0,0,0.7000000000000002,520091,42,0,0
random,2.3000000000000003,3,0,92,0,1,1,0,0,0.5700000000000001,520092,42,0,0
random,4.1,7,0,93,0,1,1,0,1,0.6600000000000001,520093,42,0,0
random,3.9,5,0,94,0,1,1,0,1,0.7000000000000002,520094,42,0,0
random,-0.4,2,0,95,0,1,0,0,0,0.5,520095,42,0,0
random,-1.7999999999999998,5,0,96,0,1,1,0,0,0.25,520096,42,0,0
random,1.0999999999999996,6,0,97,0,0,0,0,0,0.6399999999999999,520097,42,0,0
random,3.1,4,0,98,0,1,1,0,1,0.8,520098,42,0,0
random,0.6,1,0,99,0,1,0,0,0,0.6300000000000001,520099,42,0,0
random,2.1999999999999997,13,0,100,0,1,1,0,0,0.53,520100,42,0,0
random,2.0,3,0,101,0,1,0,0,0,0.7400000000000002,520101,42,0,0
random,5.199999999999999,10,0,102,0,1,1,0,1,0.7200000000000002,520102,42,0,0
random,2.7999999999999994,12,0,103,0,1,1,0,1,0.5900000000000001,520103,42,0,0
random,-5.1000000000000005,12,0,104,0,0,0,0,0,0.24,520104,42,0,0
random,0.7999999999999999,4,0,105,0,1,0,0,0,0.45,520105,42,0,0
random,1.9,6,0,106,0,1,1,0,0,0.6600000000000001,520106,42,0,0
random,0.6,1,0,107,0,0,0,0,0,0.44,520107,42,0,0
random,3.6,10,0,108,0,1,1,0,1,0.8600000000000001,520108,42,0,0
random,5.1,11,0,109,0,1,0,0,1,0.6500000000000001,520109,42,0,0
random,1.5,2,0,110,0,1,0,0,0,0.47000000000000003,520110,42,0,0
random,3.8000000000000003,11,0,111,0,1,1,0,1,0.6000000000000001,520111,42,0,0
random,5.099999999999999,12,0,112,0,0,0,0,1,0.9400000000000002,520112,42,0,0
random,1.5,2,0,113,0,1,1,0,0,0.55,520113,42,0,0
random,0.6,1,0,114,0,0,0,0,0,0.49,520114,42,0,0
random,0.6,1,0,115,0,1,0,0,0,0.48,520115,42,0,0
random,-1.2000000000000002,7,0,116,0,1,1,0,0,0.42,520116,42,0,0
random,2.1,3,0,117,0,1,1,0,0,0.6500000000000001,520117,42,0,0
random,0.6,1,0,118,0,0,0,0,0,0.48,520118,42,0,0
random,8.200000000000001,11,0,119,0,1,0,0,1,0.8800000000000003,520119,42,0,0
random,2.5,10,0,120,0,0,0,0,0,0.5900000000000001,520120,42,0,0
random,3.5,13,0,121,0,1,1,0,1,0.55,520121,42,0,0
random,1.7000000000000002,3,0,122,0,1,0,0,0,0.6000000000000001,520122,42,0,0
random,-1.6,10,0,123,0,0,0,0,0,0.15999999999999998,520123,42,0,0
random,4.100000000000001,10,0,124,0,1,1,0,1,0.49,520124,42,0,0
random,1.2,2,0,125,0,1,0,0,0,0.55,520125,42,0,0
random,4.3999999999999995,10,0,126,0,1,1,0,1,0.8500000000000003,520126,42,0,0
random,4.3999999999999995,14,0,127,0,1,1,0,1,0.8000000000000003,520127,42,0,0
random,1.5,2,0,128,0,1,0,0,0,0.48,520128,42,0,0
random,1.2999999999999998,13,0,129,0,1,1,0,0,0.5099999999999998,520129,42,0,0
random,0.39999999999999997,7,0,130,0,1,1,0,0,0.34,520130,42,0,0
random,1.1,2,0,131,0,1,0,0,0,0.4,520131,42,0,0
random,6.0,14,0,132,0,1,1,0,1,0.7300000000000002,520132,42,0,0
random,-0.4,12,0,133,0,0,0,0,0,0.56,520133,42,0,0
random,1.6,7,0,134,0,0,0,0,0,0.37,520134,42,0,0
random,3.0,8,0,135,0,0,0,0,0,0.6200000000000001,520135,42,0,0
random,5.699999999999999,13,0,136,0,1,0,0,1,1.0,520136,42,0,0
random,5.699999999999999,8,0,137,0,1,1,0,1,0.7100000000000002,520137,42,0,0
random,5.799999999999999,11,0,138,0,1,0,0,1,0.8000000000000003,520138,42,0,0
random,1.7000000000000002,3,0,139,0,1,0,0,0,0.6900000000000002,520139,42,0,0
random,2.5999999999999996,11,0,140,0,1,1,0,0,0.7000000000000002,520140,42,0,0
random,-0.30000000000000016,9,0,141,0,0,0,0,0,0.48000000000000004,520141,42,0,0
random,-0.1000000000000002,13,0,142,0,1,1,0,0,0.6100000000000001,520142,42,0,0
random,7.0,14,0,143,0,1,0,0,1,0.6700000000000002,520143,42,0,0
random,-0.4,2,0,144,0,0,0,0,0,0.45,520144,42,0,0
random,3.4,4,0,145,0,1,0,0,1,0.81,520145,42,0,0
random,-0.5000000000000003,12,0,146,0,1,1,0,0,0.56,520146,42,0,0
random,2.7,6,0,147,0,1,0,0,0,0.6200000000000001,520147,42,0,0
random,5.699999999999999,11,0,148,0,0,0,0,1,0.7200000000000002,520148,42,0,0
random,0.8999999999999999,2,0,149,0,1,0,0,0,0.53,520149,42,0,0
random,4.1,13,0,150,0,1,0,0,1,0.7700000000000002,520150,42,0,0
random,3.6,4,0,151,0,1,1,0,1,0.6100000000000001,520151,42,0,0
random,5.6,13,0,152,0,1,1,0,1,0.6200000000000001,520152,42,0,0
random,4.199999999999999,12,0,153,0,1,1,0,1,0.8000000000000003,520153,42,0,0
random,-1.4,10,0,154,0,1,1,0,0,0.42000000000000004,520154,42,0,0
random,3.599999999999999,10,0,155,0,1,1,0,0,0.56,520155,42,0,0
random,3.4,10,0,156,0,0,0,0,0,0.47000000000000003,520156,42,0,0
random,3.5,11,0,157,0,1,0,0,1,0.6700000000000002,520157,42,0,0
random,1.0,4,0,158,0,1,0,0,0,0.54,520158,42,0,0
random,-2.6,10,0,159,0,1,1,0,0,0.4499999999999998,520159,42,0,0
random,-0.4,2,0,160,0,1,0,0,0,0.39,520160,42,0,0
random,1.7000000000000002,7,0,161,0,0,0,0,0,0.45,520161,42,0,0
random,0.8999999999999999,2,0,162,0,0,0,0,0,0.5,520162,42,0,0
random,2.2,6,0,163,0,1,0,0,0,0.39,520163,42,0,0
random,2.4,12,0,164,0,1,1,0,0,0.8,520164,42,0,0
random,6.6,11,0,165,0,1,1,0,1,0.54,520165,42,0,0
random,1.7999999999999998,3,0,166,0,0,0,0,0,0.71,520166,42,0,0
random,1.2,2,0,167,0,0,0,0,0,0.5900000000000001,520167,42,0,0
random,4.099999999999999,12,0,168,0,1,1,0,1,0.8700000000000001,520168,42,0,0
random,6.1000000000000005,13,0,169,0,1,1,0,1,0.8500000000000003,520169,42,0,0
random,6.3999999999999995,13,0,170,0,1,0,0,1,0.9500000000000002,520170,42,0,0
random,0.6,1,0,171,0,1,0,0,0,0.39,520171,42,0,0
random,1.9,9,0,172,0,1,1,0,0,0.6600000000000001,520172,42,0,0
random,4.8,12,0,173,0,0,0,0,1,0.8100000000000003,520173,42,0,0
random,0.6,1,0,174,0,0,0,0,0,0.47000000000000003,520174,42,0,0
random,5.1,8,0,175,0,1,0,0,1,1.0,520175,42,0,0
random,-0.9,6,0,176,0,1,1,0,0,0.41000000000000003,520176,42,0,0
random,0.6,1,0,177,0,1,0,0,0,0.46,520177,42,0,0
random,1.5,3,0,178,0,0,0,0,0,0.6699999999999999,520178,42,0,0
random,-0.4,2,0,179,0,1,0,0,0,0.49,520179,42,0,0
random,1.5,4,0,180,0,1,0,0,0,0.5700000000000001,520180,42,0,0
random,2.4,14,0,181,0,1,1,0,0,0.6600000000000001,520181,42,0,0
random,6.299999999999999,12,0,182,0,1,0,0,1,0.6900000000000002,520182,42,0,0
random,0.8999999999999999,2,0,183,0,1,0,0,0,0.6399999999999999,520183,42,0,0
random,3.4000000000000004,5,0,184,0,1,1,0,1,0.6900000000000002,520184,42,0,0
random,2.7,4,0,185,0,1,1,0,0,0.56,520185,42,0,0
random,1.2999999999999998,14,0,186,0,1,1,0,0,0.7000000000000002,520186,42,0,0
random,0.19999999999999996,4,0,187,0,1,1,0,0,0.36,520187,42,0,0
random,5.6,12,0,188,0,1,1,0,1,1.0,520188,42,0,0
random,2.0,3,0,189,0,0,0,0,0,0.56,520189,42,0,0
random,6.499999999999999,10,0,190,0,1,1,0,1,0.9400000000000004,520190,42,0,0
random,-0.4,2,0,191,0,1,0,0,0,0.42,520191,42,0,0
random,7.0,12,0,192,0,1,1,0,1,0.9700000000000004,520192,42,0,0
random,6.999999999999999,10,0,193,0,1,1,0,1,0.6600000000000001,520193,42,0,0
random,0.8999999999999999,2,0,194,0,1,0,0,0,0.53,520194,42,0,0
random,0.6,1,0,195,0,1,0,0,0,0.42,520195,42,0,0
random,-1.4,13,0,196,0,1,1,0,0,0.44,520196,42,0,0
random,4.499999999999998,13,0,197,0,1,1,0,1,0.6300000000000001,520197,42,0,0
random,2.9,10,0,198,0,1,1,0,0,0.48000000000000004,520198,42,0,0
random,6.9,11,0,199,0,1,1,0,1,0.8300000000000003,520199,42,0,0
rule,-2.900000000000001,14,0,0,0,0,0,0,0,0.52,520000,42,0,0
rule,-1.9000000000000004,13,0,1,0,1,0,0,0,0.45,520001,42,0,0
rule,1.4,12,0,2,0,1,1,0,0,0.45,520002,42,0,0
rule,-3.1999999999999997,11,0,3,0,1,0,0,0,0.47000000000000003,520003,42,0,0
rule,-3.1999999999999997,13,0,4,0,1,0,0,0,0.49000000000000005,520004,42,0,0
rule,-0.6,10,0,5,0,0,0,0,0,0.47000000000000003,520005,42,0,0
rule,-0.29999999999999993,11,0,6,0,1,0,0,0,0.5700000000000001,520006,42,0,0
rule,5.3999999999999995,10,0,7,0,1,1,0,0,0.8500000000000001,520007,42,0,0
rule,-5.1000000000000005,14,0,8,0,1,0,0,0,0.22999999999999998,520008,42,0,0
rule,-2.9,13,0,9,0,0,0,0,0,0.55,520009,42,0,0
rule,4.5,10,0,10,0,1,1,0,0,0.55,520010,42,0,0
rule,-2.5,10,0,11,0,0,0,0,0,0.35,520011,42,0,0
rule,12.5,8,1,12,0,1,1,0,1,0.9000000000000004,520012,42,0,0
rule,8.1,12,0,13,0,1,1,0,1,0.6500000000000001,520013,42,0,0
rule,0.29999999999999993,13,0,14,0,1,1,0,0,0.6900000000000002,520014,42,0,0
rule,-1.1102230246251565e-16,12,0,15,0,1,0,0,0,0.7400000000000002,520015,42,0,0
rule,-1.3000000000000003,14,0,16,0,1,0,0,0,0.51,520016,42,0,0
rule,0.7000000000000001,10,0,17,0,1,0,0,0,0.6300000000000001,520017,42,0,0
rule,-0.7000000000000001,12,0,18,0,1,1,0,0,0.32,520018,42,0,0
rule,7.3999999999999995,14,0,19,0,1,1,0,1,0.6900000000000002,520019,42,0,0
rule,4.199999999999999,10,0,20,0,0,0,0,1,1.0,520020,42,0,0
rule,5.0,12,0,21,0,1,1,0,0,0.6700000000000002,520021,42,0,0
rule,-0.7000000000000001,12,0,22,0,1,1,0,0,0.45,520022,42,0,0
rule,3.7000000000000006,14,0,23,0,0,0,0,0,0.6500000000000001,520023,42,0,0
rule,1.2999999999999998,9,0,24,0,0,0,0,0,0.15999999999999998,520024,42,0,0
rule,-1.1102230246251565e-16,11,0,25,0,0,0,0,0,0.27999999999999997,520025,42,0,0
rule,2.8999999999999995,13,0,26,0,1,0,0,1,1.0,520026,42,0,0
rule,11.399999999999999,6,1,27,0,1,1,0,1,0.7300000000000002,520027,42,0,0
rule,4.999999999999999,10,0,28,0,1,1,0,0,0.5900000000000001,520028,42,0,0
rule,11.2,12,1,29,0,1,1,0,1,0.9700000000000004,520029,42,0,0
rule,4.499999999999999,13,0,30,0,1,0,0,1,1.0,520030,42,0,0
rule,-1.9,12,0,31,0,0,0,0,0,0.5,520031,42,0,0
rule,-1.3000000000000003,11,0,32,0,0,0,0,0,0.6400000000000001,520032,42,0,0
rule,5.399999999999999,12,0,33,0,1,0,0,1,0.7500000000000002,520033,42,0,0
rule,-2.5,6,0,34,0,1,0,0,0,0.2,520034,42,0,0
rule,0.2999999999999999,12,0,35,0,1,1,0,0,0.73,520035,42,0,0
rule,6.699999999999999,13,0,36,0,1,1,0,1,0.6500000000000001,520036,42,0,0
rule,5.199999999999999,13,0,37,0,0,0,0,0,0.5900000000000001,520037,42,0,0
rule,3.5000000000000004,10,0,38,0,1,1,0,0,0.55,520038,42,0,0
rule,5.0,10,0,39,0,1,1,0,0,0.51,520039,42,0,0
rule,12.399999999999999,8,1,40,0,0,0,0,1,0.8000000000000003,520040,42,0,0
rule,11.0,7,1,41,0,1,1,0,1,0.9300000000000004,520041,42,0,0
rule,4.799999999999999,13,0,42,0,1,1,0,1,0.7700000000000002,520042,42,0,0
rule,2.1000000000000005,14,0,43,0,1,0,0,1,1.0,520043,42,0,0
rule,6.999999999999999,12,0,44,0,1,1,0,1,0.7400000000000002,520044,42,0,0
rule,0.6999999999999998,13,0,45,0,1,0,0,0,0.31,520045,42,0,0
rule,8.799999999999999,13,0,46,0,1,1,0,1,0.7300000000000002,520046,42,0,0
rule,0.7000000000000001,12,0,47,0,1,0,0,0,0.48000000000000004,520047,42,0,0
rule,2.3,13,0,48,0,0,0,0,0,0.24,520048,42,0,0
rule,-3.4999999999999996,10,0,49,0,1,0,0,0,0.18,520049,42,0,0
rule,-0.30000000000000016,9,0,50,0,1,0,0,0,0.19,520050,42,0,0
rule,-2.9,13,0,51,0,1,0,0,0,0.5800000000000001,520051,42,0,0
rule,4.999999999999999,12,0,52,0,1,1,0,0,0.73,520052,42,0,0
rule,5.5,12,0,53,0,1,1,0,1,0.7200000000000002,520053,42,0,0
rule,3.2000000000000006,14,0,54,0,1,1,0,0,0.51,520054,42,0,0
rule,-2.5,11,0,55,0,1,0,0,0,0.26999999999999996,520055,42,0,0
rule,6.8,11,0,56,0,1,1,0,1,0.7600000000000002,520056,42,0,0
rule,-3.4999999999999996,8,0,57,0,1,0,0,0,0.2,520057,42,0,0
rule,-2.5,11,0,58,0,0,0,0,0,0.4,520058,42,0,0
rule,6.699999999999999,13,0,59,0,1,1,0,1,0.8200000000000003,520059,42,0,0
rule,11.2,10,1,60,0,1,1,0,1,0.8900000000000003,520060,42,0,0
rule,7.3999999999999995,11,0,61,0,0,0,0,1,0.7000000000000002,520061,42,0,0
rule,3.4,10,0,62,0,0,0,0,0,0.52,520062,42,0,0
rule,-1.0,10,0,63,0,1,1,0,0,0.6300000000000001,520063,42,0,0
rule,-2.3000000000000003,12,0,64,0,1,1,0,0,0.52,520064,42,0,0
rule,0.39999999999999997,12,0,65,0,1,0,0,0,0.6000000000000001,520065,42,0,0
rule,-3.2000000000000006,10,0,66,0,1,0,0,0,0.49000000000000005,520066,42,0,0
rule,8.200000000000001,14,0,67,0,1,1,0,1,0.7000000000000002,520067,42,0,0
rule,6.1,11,0,68,0,1,1,0,1,0.6600000000000001,520068,42,0,0
rule,0.29999999999999993,14,0,69,0,1,1,0,0,0.53,520069,42,0,0
rule,4.099999999999999,11,0,70,0,1,1,0,1,0.8700000000000003,520070,42,0,0
rule,2.3999999999999995,11,0,71,0,1,1,0,0,0.49000000000000005,520071,42,0,0
rule,4.3,10,0,72,0,1,1,0,0,0.78,520072,42,0,0
rule,12.2,13,1,73,0,1,1,0,1,0.6500000000000001,520073,42,0,0
rule,5.699999999999998,12,0,74,0,1,1,0,1,0.7700000000000002,520074,42,0,0
rule,4.1,11,0,75,0,1,1,0,0,0.52,520075,42,0,0
rule,-4.5,10,0,76,0,0,0,0,0,0.39,520076,42,0,0
rule,5.399999999999999,12,0,77,0,1,1,0,1,0.8000000000000003,520077,42,0,0
rule,3.1999999999999997,13,0,78,0,1,1,0,1,0.7700000000000002,520078,42,0,0
rule,-2.5,8,0,79,0,1,0,0,0,0.19,520079,42,0,0
rule,3.9,10,0,80,0,1,1,0,1,0.7600000000000002,520080,42,0,0
rule,3.2,14,0,81,0,1,1,0,0,0.51,520081,42,0,0
rule,12.1,12,1,82,0,1,1,0,1,0.8700000000000003,520082,42,0,0
rule,-3.1999999999999997,11,0,83,0,1,0,0,0,0.48000000000000004,520083,42,0,0
rule,10.6,5,1,84,0,1,1,0,1,0.7700000000000002,520084,42,0,0
rule,5.8,12,0,85,0,1,1,0,0,0.6900000000000002,520085,42,0,0
rule,6.1,10,0,86,0,1,1,0,1,0.6100000000000001,520086,42,0,0
rule,4.6,11,0,87,0,1,1,0,0,0.6900000000000002,520087,42,0,0
rule,-3.4999999999999996,11,0,88,0,1,0,0,0,0.26,520088,42,0,0
rule,0.6,11,0,89,0,1,1,0,0,0.6500000000000001,520089,42,0,0
rule,4.799999999999999,10,0,90,0,1,0,0,1,0.8500000000000003,520090,42,0,0
rule,1.0,12,0,91,0,1,0,0,0,0.6300000000000001,520091,42,0,0
rule,12.2,7,1,92,0,1,1,0,1,0.7100000000000002,520092,42,0,0
rule,4.3,10,0,93,0,1,1,0,0,0.5900000000000001,520093,42,0,0
rule,4.199999999999999,12,0,94,0,1,1,0,1,0.7700000000000002,520094,42,0,0
rule,4.5,14,0,95,0,1,1,0,1,0.8500000000000003,520095,42,0,0
rule,-2.5,6,0,96,0,1,0,0,0,0.18,520096,42,0,0
rule,5.3999999999999995,12,0,97,0,0,0,0,0,0.6399999999999999,520097,42,0,0
rule,11.7,7,1,98,0,1,1,0,1,0.9400000000000002,520098,42,0,0
rule,6.8999999999999995,11,0,99,0,1,1,0,1,0.8400000000000003,520099,42,0,0
rule,5.1,13,0,100,0,1,1,0,1,0.9500000000000004,520100,42,0,0
rule,4.2,12,0,101,0,1,1,0,1,1.0,520101,42,0,0
rule,11.7,6,1,102,0,1,1,0,1,0.8600000000000003,520102,42,0,0
rule,2.8999999999999995,13,0,103,0,1,0,0,1,0.8000000000000003,520103,42,0,0
rule,-6.1000000000000005,12,0,104,0,0,0,0,0,0.24,520104,42,0,0
rule,-1.3000000000000003,10,0,105,0,1,0,0,0,0.52,520105,42,0,0
rule,-2.6,14,0,106,0,1,0,0,0,0.52,520106,42,0,0
rule,-2.900000000000001,11,0,107,0,0,0,0,0,0.37,520107,42,0,0
rule,1.3,10,0,108,0,1,0,0,1,0.8600000000000001,520108,42,0,0
rule,0.7000000000000001,11,0,109,0,1,1,0,0,0.44,520109,42,0,0
rule,8.8,9,1,110,0,1,1,0,1,0.8900000000000003,520110,42,0,0
rule,2.9,11,0,111,0,1,1,0,1,0.6000000000000001,520111,42,0,0
rule,-2.3000000000000003,13,0,112,0,0,0,0,0,0.73,520112,42,0,0
rule,12.7,9,1,113,0,1,1,0,1,0.8300000000000003,520113,42,0,0
rule,2.4,10,0,114,0,0,0,0,0,0.49,520114,42,0,0
rule,5.699999999999999,13,0,115,0,1,1,0,1,0.7600000000000002,520115,42,0,0
rule,2.9,13,0,116,0,1,1,0,0,0.49,520116,42,0,0
rule,2.6999999999999997,11,0,117,0,1,1,0,0,0.51,520117,42,0,0
rule,0.19999999999999984,12,0,118,0,0,0,0,0,0.19999999999999996,520118,42,0,0
rule,6.199999999999999,11,0,119,0,1,1,0,1,0.7400000000000002,520119,42,0,0
rule,2.4,10,0,120,0,0,0,0,0,0.52,520120,42,0,0
rule,2.3,13,0,121,0,1,0,0,1,0.6200000000000001,520121,42,0,0
rule,5.5,13,0,122,0,1,1,0,0,0.6700000000000002,520122,42,0,0
rule,-2.5,10,0,123,0,0,0,0,0,0.15999999999999998,520123,42,0,0
rule,11.399999999999999,6,1,124,0,1,1,0,1,0.6300000000000001,520124,42,0,0
rule,4.8999999999999995,13,0,125,0,1,1,0,0,0.6900000000000002,520125,42,0,0
rule,3.3000000000000007,14,0,126,0,1,1,0,1,1.0,520126,42,0,0
rule,4.7,14,0,127,0,1,1,0,0,0.52,520127,42,0,0
rule,6.0,10,0,128,0,1,1,0,1,0.7600000000000002,520128,42,0,0
rule,0.7999999999999997,13,0,129,0,1,1,0,0,0.37,520129,42,0,0
rule,-2.5,9,0,130,0,1,0,0,0,0.2,520130,42,0,0
rule,5.699999999999998,11,0,131,0,1,1,0,1,0.6800000000000002,520131,42,0,0
rule,3.1,14,0,132,0,1,1,0,0,0.6600000000000001,520132,42,0,0
rule,-1.3000000000000003,14,0,133,0,0,0,0,0,0.6300000000000001,520133,42,0,0
rule,4.699999999999999,12,0,134,0,0,0,0,0,0.51,520134,42,0,0
rule,6.0,14,0,135,0,0,0,0,0,0.6900000000000002,520135,42,0,0
rule,3.8,13,0,136,0,1,1,0,1,1.0,520136,42,0,0
rule,7.3999999999999995,13,0,137,0,1,1,0,1,0.6400000000000001,520137,42,0,0
rule,6.6,11,0,138,0,1,1,0,1,0.6600000000000001,520138,42,0,0
rule,0.5999999999999999,13,0,139,0,1,1,0,0,0.7600000000000002,520139,42,0,0
rule,-0.29999999999999993,12,0,140,0,1,0,0,0,0.6300000000000001,520140,42,0,0
rule,6.199999999999999,10,0,141,0,0,0,0,1,0.8300000000000003,520141,42,0,0
rule,4.3,13,0,142,0,1,1,0,0,0.6800000000000002,520142,42,0,0
rule,3.600000000000001,14,0,143,0,1,1,0,0,0.53,520143,42,0,0
rule,11.1,8,1,144,0,0,0,0,1,0.7300000000000002,520144,42,0,0
rule,-1.9,13,0,145,0,1,0,0,0,0.5999999999999999,520145,42,0,0
rule,-1.6,12,0,146,0,1,0,0,0,0.49,520146,42,0,0
rule,8.799999999999999,14,0,147,0,1,1,0,1,0.9700000000000004,520147,42,0,0
rule,1.2999999999999998,12,0,148,0,0,0,0,0,0.6500000000000001,520148,42,0,0
rule,4.699999999999999,12,0,149,0,1,1,0,1,0.7400000000000002,520149,42,0,0
rule,-4.2,13,0,150,0,1,0,0,0,0.35,520150,42,0,0
rule,-0.30000000000000016,10,0,151,0,1,0,0,0,0.54,520151,42,0,0
rule,7.1,13,0,152,0,1,1,0,0,0.55,520152,42,0,0
rule,0.6000000000000002,12,0,153,0,1,1,0,0,0.7300000000000002,520153,42,0,0
rule,3.4999999999999996,10,0,154,0,1,0,0,1,0.7700000000000002,520154,42,0,0
rule,2.8000000000000003,10,0,155,0,1,1,0,0,0.6300000000000001,520155,42,0,0
rule,3.1,10,0,156,0,0,0,0,0,0.4,520156,42,0,0
rule,4.5,11,0,157,0,1,1,0,1,0.8100000000000003,520157,42,0,0
rule,3.5999999999999996,14,0,158,0,1,0,0,1,1.0,520158,42,0,0
rule,4.799999999999999,10,0,159,0,1,0,0,1,0.9400000000000002,520159,42,0,0
rule,3.3000000000000003,13,0,160,0,1,1,0,0,0.53,520160,42,0,0
rule,-3.4999999999999996,14,0,161,0,0,0,0,0,0.24,520161,42,0,0
rule,-3.5000000000000004,13,0,162,0,0,0,0,0,0.29,520162,42,0,0
rule,12.0,11,1,163,0,1,1,0,1,0.6000000000000001,520163,42,0,0
rule,3.0000000000000013,14,0,164,0,1,1,0,0,0.5899999999999999,520164,42,0,0
rule,3.5000000000000004,11,0,165,0,1,1,0,0,0.47000000000000003,520165,42,0,0
rule,2.0999999999999996,10,0,166,0,0,0,0,0,0.5699999999999998,520166,42,0,0
rule,-2.1999999999999997,11,0,167,0,0,0,0,0,0.45,520167,42,0,0
rule,-0.29999999999999993,13,0,168,0,1,0,0,0,0.73,520168,42,0,0
rule,3.0000000000000004,13,0,169,0,1,1,0,0,0.5700000000000001,520169,42,0,0
rule,11.7,8,1,170,0,1,1,0,1,0.81,520170,42,0,0
rule,-3.9,13,0,171,0,1,0,0,0,0.32,520171,42,0,0
rule,3.5,14,0,172,0,1,1,0,1,0.8700000000000003,520172,42,0,0
rule,9.8,6,1,173,0,0,0,0,1,0.8800000000000003,520173,42,0,0
rule,-1.2000000000000002,11,0,174,0,0,0,0,0,0.33,520174,42,0,0
rule,4.199999999999999,13,0,175,0,1,0,0,1,1.0,520175,42,0,0
rule,5.3999999999999995,13,0,176,0,1,1,0,1,0.7600000000000002,520176,42,0,0
rule,7.3,10,0,177,0,1,0,0,1,0.6700000000000002,520177,42,0,0
rule,-0.9,11,0,178,0,0,0,0,0,0.6000000000000001,520178,42,0,0
rule,-1.9,13,0,179,0,1,0,0,0,0.49,520179,42,0,0
rule,12.3,7,1,180,0,1,1,0,1,0.7800000000000002,520180,42,0,0
rule,7.999999999999999,14,0,181,0,1,1,0,1,0.8000000000000003,520181,42,0,0
rule,4.3999999999999995,12,0,182,0,1,1,0,0,0.41,520182,42,0,0
rule,5.399999999999999,11,0,183,0,1,0,0,1,0.9200000000000002,520183,42,0,0
rule,1.0000000000000002,14,0,184,0,1,0,0,1,0.6900000000000002,520184,42,0,0
rule,0.39999999999999997,10,0,185,0,1,0,0,0,0.42,520185,42,0,0
rule,8.200000000000001,14,0,186,0,1,1,0,1,0.7700000000000002,520186,42,0,0
rule,7.8999999999999995,14,0,187,0,1,1,0,1,0.7100000000000002,520187,42,0,0
rule,0.9999999999999999,12,0,188,0,1,1,0,0,0.52,520188,42,0,0
rule,4.499999999999999,12,0,189,0,0,0,0,1,0.9800000000000004,520189,42,0,0
rule,10.899999999999999,5,1,190,0,1,1,0,1,0.8000000000000003,520190,42,0,0
rule,4.499999999999999,12,0,191,0,1,0,0,1,0.9800000000000004,520191,42,0,0
rule,7.3,12,0,192,0,1,0,0,0,0.8300000000000003,520192,42,0,0
rule,3.5000000000000004,10,0,193,0,1,1,0,0,0.45,520193,42,0,0
rule,1.0,11,0,194,0,1,0,0,0,0.6700000000000002,520194,42,0,0
rule,12.0,8,1,195,0,1,1,0,1,0.7700000000000002,520195,42,0,0
rule,-2.9,13,0,196,0,1,0,0,0,0.44,520196,42,0,0
rule,12.0,8,1,197,0,1,1,0,1,0.7700000000000002,520197,42,0,0
rule,4.3,14,0,198,0,1,1,0,0,0.41000000000000003,520198,42,0,0
rule,5.8999999999999995,11,0,199,0,1,1,0,1,0.8300000000000003,520199,42,0,0
supervised,-2.900000000000001,14,0,0,0,0,0,0,0,0.52,520000,42,0,0
supervised,1.1,2,0,1,0,1,0,0,0,0.52,520001,42,0,0
supervised,0.19999999999999984,12,0,2,0,1,0,0,0,0.5900000000000001,520002,42,0,0
supervised,-2.6,11,0,3,0,1,1,0,0,0.47000000000000003,520003,42,0,0
supervised,1.1,2,0,4,0,1,0,0,0,0.6300000000000001,520004,42,0,0
supervised,-0.6,10,0,5,0,0,0,0,0,0.47000000000000003,520005,42,0,0
supervised,-0.7000000000000003,11,0,6,0,1,1,0,0,0.5700000000000001,520006,42,0,0
supervised,5.1,10,0,7,0,1,1,0,0,0.78,520007,42,0,0
supervised,1.1,2,0,8,0,1,0,0,0,0.5800000000000001,520008,42,0,0
supervised,-3.1,13,0,9,0,0,0,0,0,0.55,520009,42,0,0
supervised,3.3000000000000007,10,0,10,0,1,1,0,0,0.55,520010,42,0,0
supervised,-2.6999999999999997,10,0,11,0,0,0,0,0,0.35,520011,42,0,0
supervised,10.2,14,0,12,0,1,0,0,1,1.0,520012,42,0,0
supervised,9.6,12,0,13,0,1,0,0,1,0.6500000000000001,520013,42,0,0
supervised,0.8999999999999998,13,0,14,0,1,1,0,0,0.7600000000000002,520014,42,0,0
supervised,3.5,12,0,15,0,1,1,0,1,0.8800000000000003,520015,42,0,0
supervised,1.7000000000000002,3,0,16,0,1,0,0,0,0.51,520016,42,0,0
supervised,1.3000000000000003,10,0,17,0,1,1,0,0,0.6300000000000001,520017,42,0,0
supervised,-0.4,12,0,18,0,1,1,0,0,0.32,520018,42,0,0
supervised,6.6,14,0,19,0,1,1,0,1,0.6200000000000001,520019,42,0,0
supervised,3.999999999999999,10,0,20,0,0,0,0,1,1.0,520020,42,0,0
supervised,5.3,12,0,21,0,1,1,0,0,0.6700000000000002,520021,42,0,0
supervised,1.1,2,0,22,0,1,0,0,0,0.38,520022,42,0,0
supervised,4.1000000000000005,14,0,23,0,0,0,0,0,0.6500000000000001,520023,42,0,0
supervised,1.4,9,0,24,0,0,0,0,0,0.15999999999999998,520024,42,0,0
supervised,0.4,11,0,25,0,0,0,0,0,0.27999999999999997,520025,42,0,0
supervised,3.3,13,0,26,0,1,0,0,1,1.0,520026,42,0,0
supervised,9.399999999999999,13,0,27,0,1,1,0,1,1.0,520027,42,0,0
supervised,5.6,10,0,28,0,1,1,0,0,0.6600000000000001,520028,42,0,0
supervised,6.5,13,0,29,0,1,1,0,1,0.9700000000000004,520029,42,0,0
supervised,3.5999999999999996,13,0,30,0,1,0,0,1,1.0,520030,42,0,0
supervised,-1.9,12,0,31,0,0,0,0,0,0.5,520031,42,0,0
supervised,-1.3000000000000003,11,0,32,0,0,0,0,0,0.6400000000000001,520032,42,0,0
supervised,1.1,2,0,33,0,1,0,0,0,0.47000000000000003,520033,42,0,0
supervised,-2.5,6,0,34,0,1,0,0,0,0.2,520034,42,0,0
supervised,0.2999999999999999,12,0,35,0,1,1,0,0,0.73,520035,42,0,0
supervised,8.4,13,0,36,0,1,1,0,1,1.0,520036,42,0,0
supervised,5.5,13,0,37,0,0,0,0,0,0.5900000000000001,520037,42,0,0
supervised,6.300000000000001,10,0,38,0,1,0,0,1,0.7600000000000002,520038,42,0,0
supervised,5.3,10,0,39,0,1,1,0,0,0.51,520039,42,0,0
supervised,9.0,11,0,40,0,0,0,0,1,0.8700000000000003,520040,42,0,0
supervised,8.399999999999999,11,0,41,0,1,0,0,1,1.0,520041,42,0,0
supervised,2.2,13,0,42,0,1,1,0,1,0.6300000000000001,520042,42,0,0
supervised,2.700000000000001,14,0,43,0,1,1,0,1,1.0,520043,42,0,0
supervised,8.599999999999998,12,0,44,0,1,0,0,1,0.8800000000000003,520044,42,0,0
supervised,0.6999999999999998,13,0,45,0,1,0,0,0,0.31,520045,42,0,0
supervised,6.199999999999999,13,0,46,0,1,0,0,1,0.7300000000000002,520046,42,0,0
supervised,1.1,2,0,47,0,1,0,0,0,0.41000000000000003,520047,42,0,0
supervised,2.5999999999999996,13,0,48,0,0,0,0,0,0.24,520048,42,0,0
supervised,0.09999999999999998,3,0,49,0,1,0,0,0,0.32,520049,42,0,0
supervised,-0.30000000000000016,9,0,50,0,1,0,0,0,0.19,520050,42,0,0
supervised,0.09999999999999998,4,0,51,0,1,0,0,0,0.5800000000000001,520051,42,0,0
supervised,5.299999999999999,12,0,52,0,1,1,0,0,0.73,520052,42,0,0
supervised,2.5,12,0,53,0,1,1,0,0,0.44,520053,42,0,0
supervised,4.800000000000001,14,0,54,0,1,1,0,0,0.5800000000000001,520054,42,0,0
supervised,1.1,2,0,55,0,1,0,0,0,0.48,520055,42,0,0
supervised,1.6,11,0,56,0,1,1,0,0,0.6200000000000001,520056,42,0,0
supervised,0.09999999999999998,3,0,57,0,1,0,0,0,0.34,520057,42,0,0
supervised,-2.5,11,0,58,0,0,0,0,0,0.4,520058,42,0,0
supervised,2.5,13,0,59,0,1,1,0,0,0.6100000000000001,520059,42,0,0
supervised,9.299999999999999,14,0,60,0,1,1,0,1,1.0,520060,42,0,0
supervised,8.7,11,0,61,0,0,0,0,1,1.0,520061,42,0,0
supervised,3.8000000000000003,10,0,62,0,0,0,0,0,0.52,520062,42,0,0
supervised,-0.30000000000000004,10,0,63,0,1,0,0,0,0.6300000000000001,520063,42,0,0
supervised,1.1,2,0,64,0,1,0,0,0,0.5900000000000001,520064,42,0,0
supervised,0.09999999999999998,12,0,65,0,1,0,0,0,0.53,520065,42,0,0
supervised,-0.6000000000000002,4,0,66,0,1,0,0,0,0.49000000000000005,520066,42,0,0
supervised,5.199999999999999,14,0,67,0,1,1,0,1,0.7700000000000002,520067,42,0,0
supervised,6.4,11,0,68,0,1,1,0,1,0.6600000000000001,520068,42,0,0
supervised,0.5999999999999998,14,0,69,0,1,1,0,0,0.53,520069,42,0,0
supervised,0.1999999999999998,11,0,70,0,1,1,0,0,0.6600000000000001,520070,42,0,0
supervised,3.1999999999999997,11,0,71,0,1,0,0,0,0.6300000000000001,520071,42,0,0
supervised,5.1,10,0,72,0,1,1,0,0,0.78,520072,42,0,0
supervised,7.5,14,0,73,0,1,1,0,1,0.6500000000000001,520073,42,0,0
supervised,-1.1102230246251565e-16,12,0,74,0,1,0,0,0,0.35,520074,42,0,0
supervised,3.0000000000000004,11,0,75,0,1,1,0,0,0.38,520075,42,0,0
supervised,-4.5,10,0,76,0,0,0,0,0,0.39,520076,42,0,0
supervised,1.1,2,0,77,0,1,0,0,0,0.38,520077,42,0,0
supervised,1.1,2,0,78,0,1,0,0,0,0.49,520078,42,0,0
supervised,1.4,3,0,79,0,1,0,0,0,0.4,520079,42,0,0
supervised,1.1,2,0,80,0,1,0,0,0,0.55,520080,42,0,0
supervised,3.6999999999999997,14,0,81,0,1,1,0,0,0.51,520081,42,0,0
supervised,0.20000000000000007,13,0,82,0,1,0,0,0,0.45,520082,42,0,0
supervised,2.0,4,0,83,0,1,0,0,0,0.6900000000000002,520083,42,0,0
supervised,8.0,12,0,84,0,1,0,0,1,1.0,520084,42,0,0
supervised,5.5,12,0,85,0,1,0,0,0,0.6900000000000002,520085,42,0,0
supervised,2.0,10,0,86,0,1,0,0,0,0.54,520086,42,0,0
supervised,4.6,11,0,87,0,1,1,0,0,0.6200000000000001,520087,42,0,0
supervised,1.1,2,0,88,0,1,0,0,0,0.47000000000000003,520088,42,0,0
supervised,2.0,4,0,89,0,1,0,0,0,0.6500000000000001,520089,42,0,0
supervised,1.1,2,0,90,0,1,0,0,0,0.43,520090,42,0,0
supervised,1.7000000000000002,3,0,91,0,1,0,0,0,0.56,520091,42,0,0
supervised,8.8,10,0,92,0,1,1,0,1,0.9200000000000004,520092,42,0,0
supervised,3.9,10,0,93,0,1,1,0,0,0.6600000000000001,520093,42,0,0
supervised,4.5,12,0,94,0,1,1,0,1,0.7700000000000002,520094,42,0,0
supervised,1.2999999999999998,14,0,95,0,1,1,0,0,0.5700000000000001,520095,42,0,0
supervised,0.09999999999999998,3,0,96,0,1,0,0,0,0.32,520096,42,0,0
supervised,5.5,12,0,97,0,0,0,0,0,0.6399999999999999,520097,42,0,0
supervised,7.6,10,0,98,0,1,0,0,1,1.0,520098,42,0,0
supervised,3.3000000000000003,11,0,99,0,1,1,0,0,0.7000000000000002,520099,42,0,0
supervised,-0.6,13,0,100,0,1,0,0,0,0.39,520100,42,0,0
supervised,4.5,12,0,101,0,1,1,0,1,1.0,520101,42,0,0
supervised,8.5,10,0,102,0,1,0,0,1,1.0,520102,42,0,0
supervised,2.5,13,0,103,0,1,1,0,1,0.52,520103,42,0,0
supervised,-6.1000000000000005,12,0,104,0,0,0,0,0,0.24,520104,42,0,0
supervised,-0.4,10,0,105,0,1,1,0,0,0.52,520105,42,0,0
supervised,-1.7000000000000002,14,0,106,0,1,1,0,0,0.5900000000000001,520106,42,0,0
supervised,-2.900000000000001,11,0,107,0,0,0,0,0,0.37,520107,42,0,0
supervised,1.9000000000000004,10,0,108,0,1,1,0,1,0.8600000000000001,520108,42,0,0
supervised,3.5000000000000004,11,0,109,0,1,0,0,0,0.6500000000000001,520109,42,0,0
supervised,1.0,12,0,110,0,1,0,0,0,0.47000000000000003,520110,42,0,0
supervised,2.9,11,0,111,0,1,1,0,1,0.6000000000000001,520111,42,0,0
supervised,-2.5000000000000004,13,0,112,0,0,0,0,0,0.73,520112,42,0,0
supervised,7.8,10,0,113,0,1,1,0,1,0.9000000000000004,520113,42,0,0
supervised,2.8000000000000003,10,0,114,0,0,0,0,0,0.49,520114,42,0,0
supervised,8.2,13,0,115,0,1,0,0,1,1.0,520115,42,0,0
supervised,3.1999999999999997,13,0,116,0,1,1,0,0,0.49,520116,42,0,0
supervised,3.0000000000000004,11,0,117,0,1,1,0,0,0.51,520117,42,0,0
supervised,0.29999999999999993,12,0,118,0,0,0,0,0,0.19999999999999996,520118,42,0,0
supervised,6.1,11,0,119,0,1,0,0,1,0.6700000000000002,520119,42,0,0
supervised,2.8000000000000003,10,0,120,0,0,0,0,0,0.52,520120,42,0,0
supervised,1.8999999999999995,13,0,121,0,1,1,0,1,0.6200000000000001,520121,42,0,0
supervised,5.8,13,0,122,0,1,1,0,0,0.6700000000000002,520122,42,0,0
supervised,-2.6999999999999997,10,0,123,0,0,0,0,0,0.15999999999999998,520123,42,0,0
supervised,5.8999999999999995,10,0,124,0,1,1,0,1,0.6300000000000001,520124,42,0,0
supervised,3.6,13,0,125,0,1,1,0,0,0.55,520125,42,0,0
supervised,1.4,2,0,126,0,1,0,0,0,0.43,520126,42,0,0
supervised,9.5,14,0,127,0,1,0,0,1,1.0,520127,42,0,0
supervised,2.4,10,0,128,0,1,1,0,0,0.33999999999999997,520128,42,0,0
supervised,0.4999999999999999,13,0,129,0,1,1,0,0,0.37,520129,42,0,0
supervised,1.1,2,0,130,0,1,0,0,0,0.41000000000000003,520130,42,0,0
supervised,1.1,2,0,131,0,1,0,0,0,0.4,520131,42,0,0
supervised,6.200000000000001,14,0,132,0,1,1,0,1,0.7300000000000002,520132,42,0,0
supervised,-1.5000000000000004,14,0,133,0,0,0,0,0,0.6300000000000001,520133,42,0,0
supervised,5.0,12,0,134,0,0,0,0,0,0.51,520134,42,0,0
supervised,6.3999999999999995,14,0,135,0,0,0,0,0,0.6900000000000002,520135,42,0,0
supervised,1.1,2,0,136,0,1,0,0,0,0.6100000000000001,520136,42,0,0
supervised,8.4,13,0,137,0,1,1,0,1,0.6400000000000001,520137,42,0,0
supervised,4.6,11,0,138,0,1,1,0,0,0.5900000000000001,520138,42,0,0
supervised,0.5999999999999999,13,0,139,0,1,1,0,0,0.7600000000000002,520139,42,0,0
supervised,-0.9999999999999999,12,0,140,0,1,1,0,0,0.56,520140,42,0,0
supervised,6.8999999999999995,10,0,141,0,0,0,0,1,0.7600000000000002,520141,42,0,0
supervised,6.1,13,0,142,0,1,0,0,1,0.8200000000000003,520142,42,0,0
supervised,2.8000000000000003,14,0,143,0,1,1,0,0,0.46,520143,42,0,0
supervised,8.1,13,0,144,0,0,0,0,1,1.0,520144,42,0,0
supervised,1.1,2,0,145,0,1,0,0,0,0.6699999999999999,520145,42,0,0
supervised,1.1,2,0,146,0,1,0,0,0,0.49,520146,42,0,0
supervised,6.8999999999999995,14,0,147,0,1,1,0,0,0.6900000000000002,520147,42,0,0
supervised,1.0999999999999999,12,0,148,0,0,0,0,0,0.6500000000000001,520148,42,0,0
supervised,6.199999999999998,12,0,149,0,1,0,0,1,0.6700000000000002,520149,42,0,0
supervised,2.3,5,0,150,0,1,0,0,1,0.56,520150,42,0,0
supervised,1.1,2,0,151,0,1,0,0,0,0.47000000000000003,520151,42,0,0
supervised,7.3999999999999995,13,0,152,0,1,1,0,0,0.55,520152,42,0,0
supervised,2.1999999999999997,12,0,153,0,1,1,0,0,0.8000000000000003,520153,42,0,0
supervised,0.3999999999999999,3,0,154,0,1,0,0,0,0.49,520154,42,0,0
supervised,3.1,10,0,155,0,1,1,0,0,0.6300000000000001,520155,42,0,0
supervised,3.1999999999999997,10,0,156,0,0,0,0,0,0.4,520156,42,0,0
supervised,-0.29999999999999993,11,0,157,0,1,0,0,0,0.46,520157,42,0,0
supervised,1.7000000000000002,3,0,158,0,1,0,0,0,0.47000000000000003,520158,42,0,0
supervised,3.1000000000000005,10,0,159,0,1,0,0,1,0.73,520159,42,0,0
supervised,3.6,13,0,160,0,1,1,0,0,0.53,520160,42,0,0
supervised,-3.6999999999999997,14,0,161,0,0,0,0,0,0.24,520161,42,0,0
supervised,-3.5000000000000004,13,0,162,0,0,0,0,0,0.29,520162,42,0,0
supervised,9.2,12,0,163,0,1,0,0,1,0.8100000000000003,520163,42,0,0
supervised,3.0000000000000013,14,0,164,0,1,1,0,0,0.5899999999999999,520164,42,0,0
supervised,3.5000000000000004,11,0,165,0,1,1,0,0,0.4,520165,42,0,0
supervised,2.4,10,0,166,0,0,0,0,0,0.5699999999999998,520166,42,0,0
supervised,-2.1999999999999997,11,0,167,0,0,0,0,0,0.45,520167,42,0,0
supervised,1.5999999999999996,13,0,168,0,1,1,0,0,0.8,520168,42,0,0
supervised,5.6,13,0,169,0,1,0,0,1,0.7800000000000002,520169,42,0,0
supervised,6.3999999999999995,13,0,170,0,1,1,0,1,0.8800000000000001,520170,42,0,0
supervised,-0.7000000000000001,13,0,171,0,1,0,0,0,0.53,520171,42,0,0
supervised,0.8999999999999999,14,0,172,0,1,1,0,0,0.6600000000000001,520172,42,0,0
supervised,8.8,12,0,173,0,0,0,0,1,1.0,520173,42,0,0
supervised,-1.2000000000000002,11,0,174,0,0,0,0,0,0.33,520174,42,0,0
supervised,2.0,3,0,175,0,1,0,0,0,0.71,520175,42,0,0
supervised,5.3999999999999995,13,0,176,0,1,1,0,1,0.7600000000000002,520176,42,0,0
supervised,7.3,10,0,177,0,1,0,0,1,0.6700000000000002,520177,42,0,0
supervised,-0.9,11,0,178,0,0,0,0,0,0.6000000000000001,520178,42,0,0
supervised,3.8,13,0,179,0,1,1,0,1,0.9100000000000004,520179,42,0,0
supervised,7.999999999999999,14,0,180,0,1,0,0,1,0.9900000000000004,520180,42,0,0
supervised,9.9,14,0,181,0,1,1,0,1,0.9400000000000004,520181,42,0,0
supervised,4.7,12,0,182,0,1,1,0,0,0.41,520182,42,0,0
supervised,1.4,2,0,183,0,1,0,0,0,0.6399999999999999,520183,42,0,0
supervised,1.9,14,0,184,0,1,1,0,1,0.6900000000000002,520184,42,0,0
supervised,1.1,2,0,185,0,1,0,0,0,0.42,520185,42,0,0
supervised,9.200000000000001,14,0,186,0,1,1,0,1,0.7000000000000002,520186,42,0,0
supervised,7.800000000000001,14,0,187,0,1,0,0,1,0.6400000000000001,520187,42,0,0
supervised,-0.30000000000000016,12,0,188,0,1,1,0,0,0.38,520188,42,0,0
supervised,4.299999999999999,12,0,189,0,0,0,0,1,0.9800000000000004,520189,42,0,0
supervised,7.8999999999999995,10,0,190,0,1,0,0,1,1.0,520190,42,0,0
supervised,5.099999999999999,12,0,191,0,1,1,0,1,0.9100000000000004,520191,42,0,0
supervised,6.0,12,0,192,0,1,0,0,0,0.7600000000000002,520192,42,0,0
supervised,3.8000000000000003,10,0,193,0,1,1,0,0,0.45,520193,42,0,0
supervised,1.4,4,0,194,0,1,0,0,0,0.53,520194,42,0,0
supervised,7.499999999999999,12,0,195,0,1,1,0,1,0.7000000000000002,520195,42,0,0
supervised,-0.7000000000000003,13,0,196,0,1,1,0,0,0.5800000000000001,520196,42,0,0
supervised,6.999999999999999,13,0,197,0,1,0,0,1,0.8400000000000003,520197,42,0,0
supervised,3.2,14,0,198,0,1,1,0,0,0.34,520198,42,0,0
supervised,7.6,11,0,199,0,1,0,0,1,0.9000000000000004,520199,42,0,0
ppo,-2.900000000000001,14,0,0,0,0,0,0,0,0.52,520000,42,0,0
ppo,4.1,13,0,1,0,1,1,0,1,0.9400000000000004,520001,42,0,0
ppo,1.9,12,0,2,0,1,1,0,0,0.45,520002,42,0,0
ppo,-1.3000000000000003,11,0,3,0,1,1,0,0,0.54,520003,42,0,0
ppo,-2.3,13,0,4,0,1,1,0,0,0.56,520004,42,0,0
ppo,-0.6,10,0,5,0,0,0,0,0,0.47000000000000003,520005,42,0,0
ppo,-0.7000000000000003,11,0,6,0,1,1,0,0,0.5700000000000001,520006,42,0,0
ppo,5.7,10,0,7,0,1,1,0,0,0.8500000000000001,520007,42,0,0
ppo,-4.2,14,0,8,0,1,1,0,0,0.3,520008,42,0,0
ppo,-2.9,13,0,9,0,0,0,0,0,0.55,520009,42,0,0
ppo,4.8,10,0,10,0,1,1,0,0,0.6200000000000001,520010,42,0,0
ppo,-2.5,10,0,11,0,0,0,0,0,0.35,520011,42,0,0
ppo,10.2,14,0,12,0,1,0,0,1,1.0,520012,42,0,0
ppo,10.4,12,0,13,0,1,0,0,1,0.6500000000000001,520013,42,0,0
ppo,0.29999999999999993,13,0,14,0,1,1,0,0,0.6900000000000002,520014,42,0,0
ppo,3.4999999999999996,12,0,15,0,1,1,0,1,0.9500000000000004,520015,42,0,0
ppo,4.199999999999999,14,0,16,0,1,1,0,1,0.7200000000000002,520016,42,0,0
ppo,1.3000000000000003,10,0,17,0,1,1,0,0,0.6300000000000001,520017,42,0,0
ppo,-0.4,12,0,18,0,1,1,0,0,0.32,520018,42,0,0
ppo,7.4,14,0,19,0,1,1,0,1,0.6200000000000001,520019,42,0,0
ppo,4.199999999999999,10,0,20,0,0,0,0,1,1.0,520020,42,0,0
ppo,5.3,12,0,21,0,1,1,0,0,0.6700000000000002,520021,42,0,0
ppo,-0.7000000000000001,12,0,22,0,1,1,0,0,0.45,520022,42,0,0
ppo,4.0,14,0,23,0,0,0,0,0,0.6500000000000001,520023,42,0,0
ppo,1.2999999999999998,9,0,24,0,0,0,0,0,0.15999999999999998,520024,42,0,0
ppo,0.29999999999999993,11,0,25,0,0,0,0,0,0.27999999999999997,520025,42,0,0
ppo,1.5999999999999996,13,0,26,0,1,1,0,1,0.9299999999999999,520026,42,0,0
ppo,11.399999999999999,6,1,27,0,1,1,0,1,0.7300000000000002,520027,42,0,0
ppo,5.299999999999999,10,0,28,0,1,1,0,0,0.5900000000000001,520028,42,0,0
ppo,6.699999999999999,13,0,29,0,1,0,0,1,1.0,520029,42,0,0
ppo,5.3999999999999995,13,0,30,0,1,1,0,1,1.0,520030,42,0,0
ppo,-1.9,12,0,31,0,0,0,0,0,0.5,520031,42,0,0
ppo,-1.3000000000000003,11,0,32,0,0,0,0,0,0.6400000000000001,520032,42,0,0
ppo,3.6,12,0,33,0,1,0,0,1,0.7500000000000002,520033,42,0,0
ppo,-1.7000000000000002,14,0,34,0,1,1,0,0,0.48000000000000004,520034,42,0,0
ppo,0.2999999999999999,12,0,35,0,1,1,0,0,0.73,520035,42,0,0
ppo,9.3,13,0,36,0,1,1,0,1,0.9300000000000004,520036,42,0,0
ppo,5.5,13,0,37,0,0,0,0,0,0.5900000000000001,520037,42,0,0
ppo,6.300000000000001,10,0,38,0,1,0,0,1,0.7600000000000002,520038,42,0,0
ppo,5.3,10,0,39,0,1,1,0,0,0.51,520039,42,0,0
ppo,9.0,11,0,40,0,0,0,0,1,0.8700000000000003,520040,42,0,0
ppo,8.399999999999999,11,0,41,0,1,0,0,1,1.0,520041,42,0,0
ppo,4.799999999999999,13,0,42,0,1,1,0,1,0.7700000000000002,520042,42,0,0
ppo,2.700000000000001,14,0,43,0,1,1,0,1,1.0,520043,42,0,0
ppo,8.599999999999998,12,0,44,0,1,0,0,1,0.8800000000000003,520044,42,0,0
ppo,0.6999999999999998,13,0,45,0,1,0,0,0,0.31,520045,42,0,0
ppo,8.799999999999999,13,0,46,0,1,1,0,1,0.7300000000000002,520046,42,0,0
ppo,-1.1102230246251565e-16,12,0,47,0,1,1,0,0,0.41000000000000003,520047,42,0,0
ppo,2.5999999999999996,13,0,48,0,0,0,0,0,0.24,520048,42,0,0
ppo,-2.9,9,0,49,0,1,1,0,0,0.18,520049,42,0,0
ppo,-0.30000000000000016,9,0,50,0,1,0,0,0,0.19,520050,42,0,0
ppo,-0.7000000000000003,13,0,51,0,1,1,0,0,0.72,520051,42,0,0
ppo,5.299999999999999,12,0,52,0,1,1,0,0,0.73,520052,42,0,0
ppo,3.2000000000000006,12,0,53,0,1,0,0,0,0.37,520053,42,0,0
ppo,4.800000000000001,14,0,54,0,1,1,0,0,0.5800000000000001,520054,42,0,0
ppo,1.6,11,0,55,0,1,1,0,0,0.6200000000000001,520055,42,0,0
ppo,9.7,11,0,56,0,1,1,0,1,0.9000000000000004,520056,42,0,0
ppo,-2.9,7,0,57,0,1,1,0,0,0.2,520057,42,0,0
ppo,-2.5,11,0,58,0,0,0,0,0,0.4,520058,42,0,0
ppo,3.5000000000000004,13,0,59,0,1,1,0,0,0.6100000000000001,520059,42,0,0
ppo,9.299999999999999,14,0,60,0,1,1,0,1,1.0,520060,42,0,0
ppo,8.7,11,0,61,0,0,0,0,1,1.0,520061,42,0,0
ppo,3.7,10,0,62,0,0,0,0,0,0.52,520062,42,0,0
ppo,-1.0,10,0,63,0,1,1,0,0,0.6300000000000001,520063,42,0,0
ppo,-2.3000000000000003,12,0,64,0,1,1,0,0,0.52,520064,42,0,0
ppo,0.8999999999999998,12,0,65,0,1,0,0,0,0.39,520065,42,0,0
ppo,-0.7000000000000003,10,0,66,0,1,1,0,0,0.56,520066,42,0,0
ppo,4.4,14,0,67,0,1,1,0,0,0.56,520067,42,0,0
ppo,6.4,11,0,68,0,1,1,0,1,0.6600000000000001,520068,42,0,0
ppo,0.29999999999999993,14,0,69,0,1,1,0,0,0.53,520069,42,0,0
ppo,4.099999999999999,11,0,70,0,1,1,0,1,0.8700000000000003,520070,42,0,0
ppo,3.400000000000001,11,0,71,0,1,0,0,0,0.56,520071,42,0,0
ppo,5.0,10,0,72,0,1,0,0,0,0.78,520072,42,0,0
ppo,3.3000000000000003,14,0,73,0,1,1,0,0,0.51,520073,42,0,0
ppo,0.8999999999999997,12,0,74,0,1,0,0,0,0.42000000000000004,520074,42,0,0
ppo,3.5000000000000004,11,0,75,0,1,1,0,0,0.38,520075,42,0,0
ppo,-4.5,10,0,76,0,0,0,0,0,0.39,520076,42,0,0
ppo,5.399999999999999,12,0,77,0,1,1,0,1,0.8000000000000003,520077,42,0,0
ppo,3.1999999999999997,13,0,78,0,1,1,0,1,0.7700000000000002,520078,42,0,0
ppo,-2.3,14,0,79,0,1,1,0,0,0.33,520079,42,0,0
ppo,3.9,10,0,80,0,1,1,0,1,0.7600000000000002,520080,42,0,0
ppo,3.6999999999999997,14,0,81,0,1,1,0,0,0.51,520081,42,0,0
ppo,7.8999999999999995,13,0,82,0,1,1,0,1,0.8700000000000003,520082,42,0,0
ppo,2.9000000000000004,11,0,83,0,1,1,0,1,0.8300000000000003,520083,42,0,0
ppo,10.6,5,1,84,0,1,1,0,1,0.7700000000000002,520084,42,0,0
ppo,5.5,12,0,85,0,1,0,0,0,0.6900000000000002,520085,42,0,0
ppo,6.1,10,0,86,0,1,1,0,1,0.6100000000000001,520086,42,0,0
ppo,5.3,11,0,87,0,1,0,0,0,0.6900000000000002,520087,42,0,0
ppo,1.9,11,0,88,0,1,1,0,0,0.6800000000000002,520088,42,0,0
ppo,0.6,11,0,89,0,1,1,0,0,0.6500000000000001,520089,42,0,0
ppo,5.3999999999999995,10,0,90,0,1,1,0,1,0.9200000000000004,520090,42,0,0
ppo,1.9000000000000004,12,0,91,0,1,1,0,0,0.7000000000000002,520091,42,0,0
ppo,8.8,10,0,92,0,1,1,0,1,0.9200000000000004,520092,42,0,0
ppo,4.3,10,0,93,0,1,1,0,0,0.5900000000000001,520093,42,0,0
ppo,4.199999999999999,12,0,94,0,1,1,0,1,0.7700000000000002,520094,42,0,0
ppo,6.1000000000000005,14,0,95,0,1,1,0,1,0.7100000000000002,520095,42,0,0
ppo,-1.7000000000000006,14,0,96,0,1,1,0,0,0.46,520096,42,0,0
ppo,5.3999999999999995,12,0,97,0,0,0,0,0,0.6399999999999999,520097,42,0,0
ppo,7.6,10,0,98,0,1,0,0,1,1.0,520098,42,0,0
ppo,7.199999999999999,11,0,99,0,1,1,0,1,0.9100000000000004,520099,42,0,0
ppo,5.1,13,0,100,0,1,1,0,1,0.9500000000000004,520100,42,0,0
ppo,4.2,12,0,101,0,1,1,0,1,1.0,520101,42,0,0
ppo,8.8,10,0,102,0,1,1,0,1,1.0,520102,42,0,0
ppo,3.1999999999999993,13,0,103,0,1,1,0,1,0.8000000000000003,520103,42,0,0
ppo,-6.1000000000000005,12,0,104,0,0,0,0,0,0.24,520104,42,0,0
ppo,3.2,10,0,105,0,1,1,0,1,0.6600000000000001,520105,42,0,0
ppo,2.1999999999999997,14,0,106,0,1,1,0,1,0.8000000000000003,520106,42,0,0
ppo,-2.900000000000001,11,0,107,0,0,0,0,0,0.37,520107,42,0,0
ppo,1.9000000000000004,10,0,108,0,1,1,0,1,0.8600000000000001,520108,42,0,0
ppo,2.3000000000000003,11,0,109,0,1,1,0,0,0.44,520109,42,0,0
ppo,5.4,12,0,110,0,1,1,0,0,0.54,520110,42,0,0
ppo,2.9,11,0,111,0,1,1,0,1,0.6000000000000001,520111,42,0,0
ppo,-2.3000000000000003,13,0,112,0,0,0,0,0,0.73,520112,42,0,0
ppo,8.6,10,0,113,0,1,1,0,1,0.9700000000000004,520113,42,0,0
ppo,2.7000000000000006,10,0,114,0,0,0,0,0,0.49,520114,42,0,0
ppo,8.2,13,0,115,0,1,0,0,1,1.0,520115,42,0,0
ppo,3.1999999999999997,13,0,116,0,1,1,0,0,0.49,520116,42,0,0
ppo,2.6999999999999997,11,0,117,0,1,1,0,0,0.44,520117,42,0,0
ppo,0.19999999999999984,12,0,118,0,0,0,0,0,0.19999999999999996,520118,42,0,0
ppo,6.8,11,0,119,0,1,0,0,1,0.6700000000000002,520119,42,0,0
ppo,2.7,10,0,120,0,0,0,0,0,0.52,520120,42,0,0
ppo,1.8999999999999995,13,0,121,0,1,1,0,1,0.6200000000000001,520121,42,0,0
ppo,5.8,13,0,122,0,1,1,0,0,0.6700000000000002,520122,42,0,0
ppo,-2.5,10,0,123,0,0,0,0,0,0.15999999999999998,520123,42,0,0
ppo,12.2,7,1,124,0,1,1,0,1,0.6300000000000001,520124,42,0,0
ppo,5.2,13,0,125,0,1,1,0,0,0.6900000000000002,520125,42,0,0
ppo,3.3000000000000007,14,0,126,0,1,1,0,1,1.0,520126,42,0,0
ppo,3.4000000000000004,14,0,127,0,1,1,0,0,0.45,520127,42,0,0
ppo,2.4,10,0,128,0,1,1,0,0,0.33999999999999997,520128,42,0,0
ppo,0.9999999999999997,13,0,129,0,1,1,0,0,0.37,520129,42,0,0
ppo,-2.6,13,0,130,0,1,1,0,0,0.27,520130,42,0,0
ppo,5.699999999999998,11,0,131,0,1,1,0,1,0.6800000000000002,520131,42,0,0
ppo,3.6,14,0,132,0,1,1,0,0,0.5900000000000001,520132,42,0,0
ppo,-1.3000000000000003,14,0,133,0,0,0,0,0,0.6300000000000001,520133,42,0,0
ppo,5.0,12,0,134,0,0,0,0,0,0.51,520134,42,0,0
ppo,6.3,14,0,135,0,0,0,0,0,0.6900000000000002,520135,42,0,0
ppo,3.8,13,0,136,0,1,1,0,1,1.0,520136,42,0,0
ppo,6.4,13,0,137,0,1,1,0,1,0.6400000000000001,520137,42,0,0
ppo,4.6,11,0,138,0,1,1,0,0,0.5900000000000001,520138,42,0,0
ppo,0.5999999999999999,13,0,139,0,1,1,0,0,0.7600000000000002,520139,42,0,0
ppo,-0.9999999999999999,12,0,140,0,1,1,0,0,0.56,520140,42,0,0
ppo,6.8999999999999995,10,0,141,0,0,0,0,1,0.7600000000000002,520141,42,0,0
ppo,6.5,13,0,142,0,1,0,0,1,0.7500000000000002,520142,42,0,0
ppo,1.7000000000000002,14,0,143,0,1,1,0,0,0.39,520143,42,0,0
ppo,8.1,13,0,144,0,0,0,0,1,1.0,520144,42,0,0
ppo,-1.0,13,0,145,0,1,1,0,0,0.6699999999999999,520145,42,0,0
ppo,-1.9999999999999996,12,0,146,0,1,1,0,0,0.49000000000000005,520146,42,0,0
ppo,6.8999999999999995,14,0,147,0,1,1,0,0,0.6900000000000002,520147,42,0,0
ppo,1.2999999999999998,12,0,148,0,0,0,0,0,0.6500000000000001,520148,42,0,0
ppo,1.8000000000000003,12,0,149,0,1,1,0,0,0.53,520149,42,0,0
ppo,-3.6,13,0,150,0,1,1,0,0,0.35,520150,42,0,0
ppo,-3.3306690738754696e-16,10,0,151,0,1,1,0,0,0.47000000000000003,520151,42,0,0
ppo,7.3999999999999995,13,0,152,0,1,1,0,0,0.55,520152,42,0,0
ppo,0.6000000000000002,12,0,153,0,1,1,0,0,0.7300000000000002,520153,42,0,0
ppo,3.8000000000000003,10,0,154,0,1,1,0,1,0.7700000000000002,520154,42,0,0
ppo,3.1,10,0,155,0,1,1,0,0,0.6300000000000001,520155,42,0,0
ppo,3.1,10,0,156,0,0,0,0,0,0.4,520156,42,0,0
ppo,4.5,11,0,157,0,1,1,0,1,0.8100000000000003,520157,42,0,0
ppo,3.3000000000000007,14,0,158,0,1,1,0,1,1.0,520158,42,0,0
ppo,2.3000000000000003,10,0,159,0,1,0,0,0,0.6599999999999999,520159,42,0,0
ppo,3.9,13,0,160,0,1,1,0,0,0.53,520160,42,0,0
ppo,-3.4999999999999996,14,0,161,0,0,0,0,0,0.24,520161,42,0,0
ppo,-3.5000000000000004,13,0,162,0,0,0,0,0,0.29,520162,42,0,0
ppo,9.2,12,0,163,0,1,0,0,1,0.8100000000000003,520163,42,0,0
ppo,3.300000000000001,14,0,164,0,1,1,0,0,0.5899999999999999,520164,42,0,0
ppo,5.6,11,0,165,0,1,0,0,0,0.4,520165,42,0,0
ppo,2.4,10,0,166,0,0,0,0,0,0.5699999999999998,520166,42,0,0
ppo,-2.1999999999999997,11,0,167,0,0,0,0,0,0.45,520167,42,0,0
ppo,1.5999999999999996,13,0,168,0,1,1,0,0,0.8,520168,42,0,0
ppo,5.8999999999999995,13,0,169,0,1,0,0,1,0.7800000000000002,520169,42,0,0
ppo,7.999999999999999,13,0,170,0,1,1,0,1,0.9500000000000002,520170,42,0,0
ppo,-2.0000000000000004,13,0,171,0,1,1,0,0,0.39,520171,42,0,0
ppo,3.5,14,0,172,0,1,1,0,1,0.8700000000000003,520172,42,0,0
ppo,8.8,12,0,173,0,0,0,0,1,1.0,520173,42,0,0
ppo,-1.2000000000000002,11,0,174,0,0,0,0,0,0.33,520174,42,0,0
ppo,5.1,13,0,175,0,1,1,0,1,1.0,520175,42,0,0
ppo,5.3999999999999995,13,0,176,0,1,1,0,1,0.7600000000000002,520176,42,0,0
ppo,7.3,10,0,177,0,1,0,0,1,0.6700000000000002,520177,42,0,0
ppo,-0.9,11,0,178,0,0,0,0,0,0.6000000000000001,520178,42,0,0
ppo,-1.0,13,0,179,0,1,1,0,0,0.56,520179,42,0,0
ppo,9.099999999999998,14,0,180,0,1,0,0,1,1.0,520180,42,0,0
ppo,9.9,14,0,181,0,1,1,0,1,0.9400000000000004,520181,42,0,0
ppo,4.7,12,0,182,0,1,1,0,0,0.41,520182,42,0,0
ppo,5.999999999999999,11,0,183,0,1,1,0,1,0.8500000000000001,520183,42,0,0
ppo,1.6,14,0,184,0,1,1,0,1,0.6900000000000002,520184,42,0,0
ppo,1.2999999999999998,10,0,185,0,1,1,0,0,0.49,520185,42,0,0
ppo,8.200000000000001,14,0,186,0,1,1,0,1,0.7700000000000002,520186,42,0,0
ppo,7.800000000000001,14,0,187,0,1,0,0,1,0.6400000000000001,520187,42,0,0
ppo,-0.30000000000000016,12,0,188,0,1,1,0,0,0.38,520188,42,0,0
ppo,4.499999999999999,12,0,189,0,0,0,0,1,0.9800000000000004,520189,42,0,0
ppo,10.9,5,1,190,0,1,1,0,1,0.8700000000000003,520190,42,0,0
ppo,5.1,12,0,191,0,1,1,0,1,0.9100000000000004,520191,42,0,0
ppo,7.3,12,0,192,0,1,0,0,0,0.8300000000000003,520192,42,0,0
ppo,3.8000000000000003,10,0,193,0,1,1,0,0,0.45,520193,42,0,0
ppo,4.2,11,0,194,0,1,1,0,1,0.9500000000000004,520194,42,0,0
ppo,7.799999999999999,12,0,195,0,1,1,0,1,0.8400000000000003,520195,42,0,0
ppo,-0.7000000000000003,13,0,196,0,1,1,0,0,0.5800000000000001,520196,42,0,0
ppo,7.499999999999999,13,0,197,0,1,1,0,1,0.7700000000000002,520197,42,0,0
ppo,3.6999999999999997,14,0,198,0,1,1,0,0,0.34,520198,42,0,0
ppo,6.6,11,0,199,0,1,1,0,1,0.7600000000000002,520199,42,0,0
random,5.699999999999999,10,0,0,0,1,1,0,1,0.8700000000000003,530000,43,0,0
random,1.2,2,0,1,0,1,0,0,0,0.6000000000000001,530001,43,0,0
random,1.2,2,0,2,0,1,0,0,0,0.6500000000000001,530002,43,0,0
random,0.1999999999999994,14,0,3,0,1,1,0,0,0.6000000000000001,530003,43,0,0
random,1.4,3,0,4,0,1,0,0,0,0.46,530004,43,0,0
random,1.2,2,0,5,0,1,0,0,0,0.48000000000000004,530005,43,0,0
random,3.9999999999999996,13,0,6,0,1,1,0,0,0.78,530006,43,0,0
random,1.2,2,0,7,0,1,0,0,0,0.6400000000000001,530007,43,0,0
random,1.4,7,0,8,0,0,0,0,0,0.49,530008,43,0,0
random,4.1,11,0,9,0,1,1,0,1,0.7100000000000002,530009,43,0,0
random,0.8,4,0,10,0,1,0,0,0,0.49,530010,43,0,0
random,0.9000000000000002,12,0,11,0,0,0,0,0,0.31,530011,43,0,0
random,0.7000000000000001,4,0,12,0,1,1,0,0,0.5700000000000001,530012,43,0,0
random,3.1,3,0,13,0,1,1,0,1,0.51,530013,43,0,0
random,1.7999999999999998,5,0,14,0,1,0,0,0,0.47000000000000003,530014,43,0,0
random,0.3999999999999999,6,0,15,0,0,0,0,0,0.5900000000000001,530015,43,0,0
random,2.3000000000000003,10,0,16,0,1,1,0,0,0.46,530016,43,0,0
random,0.8999999999999999,2,0,17,0,1,0,0,0,0.53,530017,43,0,0
random,-0.09999999999999998,3,0,18,0,1,0,0,0,0.43,530018,43,0,0
random,0.6,1,0,19,0,1,0,0,0,0.41000000000000003,530019,43,0,0
random,5.8999999999999995,12,0,20,0,0,0,0,1,0.5800000000000001,530020,43,0,0
random,0.5999999999999999,12,0,21,0,0,0,0,0,0.53,530021,43,0,0
random,4.2,5,0,22,0,1,1,0,1,0.7000000000000002,530022,43,0,0
random,0.6,1,0,23,0,0,0,0,0,0.6000000000000001,530023,43,0,0
random,6.0,12,0,24,0,1,1,0,1,0.8100000000000003,530024,43,0,0
random,2.2,14,0,25,0,1,1,0,1,0.6000000000000001,530025,43,0,0
random,6.3,13,0,26,0,0,0,0,1,0.8900000000000003,530026,43,0,0
random,3.7,6,0,27,0,1,1,0,1,0.8100000000000003,530027,43,0,0
random,3.1,11,0,28,0,1,1,0,0,0.5800000000000001,530028,43,0,0
random,5.6,10,0,29,0,1,1,0,1,0.6800000000000002,530029,43,0,0
random,1.5,5,0,30,0,1,0,0,0,0.6499999999999999,530030,43,0,0
random,1.7999999999999998,4,0,31,0,1,1,0,0,0.51,530031,43,0,0
random,4.6,10,0,32,0,1,0,0,1,0.7200000000000002,530032,43,0,0
random,2.0999999999999996,13,0,33,0,1,1,0,0,0.6700000000000002,530033,43,0,0
random,1.2000000000000002,14,0,34,0,1,1,0,0,0.71,530034,43,0,0
random,4.6,11,0,35,0,1,0,0,1,0.8100000000000003,530035,43,0,0
random,-0.09999999999999998,5,0,36,0,1,0,0,0,0.48000000000000004,530036,43,0,0
random,9.0,13,0,37,0,1,1,0,1,0.8500000000000003,530037,43,0,0
random,1.7999999999999998,9,0,38,0,1,1,0,0,0.7500000000000002,530038,43,0,0
random,1.2999999999999998,6,0,39,0,1,1,0,0,0.6000000000000001,530039,43,0,0
random,2.1,4,0,40,0,1,0,0,1,0.5700000000000001,530040,43,0,0
random,2.6,6,0,41,0,0,0,0,0,0.53,530041,43,0,0
random,4.5,12,0,42,0,1,1,0,1,0.5700000000000001,530042,43,0,0
random,2.7,4,0,43,0,1,0,0,0,0.8700000000000001,530043,43,0,0
random,6.199999999999998,10,0,44,0,1,1,0,1,1.0,530044,43,0,0
random,2.800000000000001,14,0,45,0,1,1,0,0,0.6500000000000001,530045,43,0,0
random,3.5,8,0,46,0,1,0,0,0,0.38,530046,43,0,0
random,-1.5,10,0,47,0,1,0,0,0,0.16999999999999998,530047,43,0,0
random,2.5999999999999996,10,0,48,0,1,1,0,0,0.7000000000000002,530048,43,0,0
random,1.2,4,0,49,0,0,0,0,0,0.5800000000000001,530049,43,0,0
random,5.1,12,0,50,0,1,1,0,0,0.5900000000000001,530050,43,0,0
random,2.4,4,0,51,0,1,1,0,0,0.54,530051,43,0,0
random,4.2,12,0,52,0,1,1,0,1,0.8900000000000003,530052,43,0,0
random,0.6,1,0,53,0,1,0,0,0,0.5900000000000001,530053,43,0,0
random,2.1999999999999997,10,0,54,0,1,1,0,0,0.8,530054,43,0,0
random,1.8999999999999995,14,0,55,0,1,1,0,0,0.6700000000000002,530055,43,0,0
random,1.2,2,0,56,0,1,0,0,0,0.55,530056,43,0,0
random,0.7000000000000001,12,0,57,0,1,1,0,0,0.36,530057,43,0,0
random,-0.09999999999999998,8,0,58,0,0,0,0,0,0.49999999999999994,530058,43,0,0
random,0.6,1,0,59,0,1,0,0,0,0.6100000000000001,530059,43,0,0
random,3.1,12,0,60,0,1,1,0,0,0.7100000000000002,530060,43,0,0
random,5.8999999999999995,14,0,61,0,1,1,0,1,0.8600000000000003,530061,43,0,0
random,2.2,13,0,62,0,1,1,0,0,0.6200000000000001,530062,43,0,0
random,1.7999999999999998,3,0,63,0,1,1,0,0,0.6900000000000002,530063,43,0,0
random,5.699999999999999,8,0,64,0,1,1,0,1,0.8300000000000003,530064,43,0,0
random,5.499999999999999,11,0,65,0,1,1,0,1,1.0,530065,43,0,0
random,4.9,12,0,66,0,1,1,0,1,0.6500000000000001,530066,43,0,0
random,6.899999999999999,11,0,67,0,1,1,0,1,0.9000000000000004,530067,43,0,0
random,0.8999999999999999,2,0,68,0,0,0,0,0,0.54,530068,43,0,0
random,5.3,7,0,69,0,1,1,0,1,0.6500000000000001,530069,43,0,0
random,0.8999999999999999,2,0,70,0,1,0,0,0,0.5900000000000001,530070,43,0,0
random,-1.0,11,0,71,0,0,0,0,0,0.4,530071,43,0,0
random,0.6,1,0,72,0,1,0,0,0,0.38,530072,43,0,0
random,-1.0,8,0,73,0,1,1,0,0,0.51,530073,43,0,0
random,3.6999999999999997,14,0,74,0,1,0,0,0,0.53,530074,43,0,0
random,0.4,3,0,75,0,1,0,0,0,0.51,530075,43,0,0
random,1.5999999999999999,6,0,76,0,1,0,0,0,0.6400000000000001,530076,43,0,0
random,0.6,1,0,77,0,0,0,0,0,0.53,530077,43,0,0
random,1.4,3,0,78,0,0,0,0,0,0.55,530078,43,0,0
random,-2.5999999999999996,14,0,79,0,0,0,0,0,0.38,530079,43,0,0
random,5.8,12,0,80,0,1,1,0,1,0.5900000000000001,530080,43,0,0
random,0.6,1,0,81,0,0,0,0,0,0.48,530081,43,0,0
random,-1.6999999999999997,3,0,82,0,0,0,0,0,0.27999999999999997,530082,43,0,0
random,2.5,3,0,83,0,0,0,0,0,0.5,530083,43,0,0
random,7.000000000000001,14,0,84,0,1,1,0,1,0.7100000000000002,530084,43,0,0
random,5.6,10,0,85,0,1,1,0,1,0.49,530085,43,0,0
random,3.9,10,0,86,0,0,0,0,1,0.8200000000000003,530086,43,0,0
random,1.5,11,0,87,0,1,1,0,0,0.6599999999999999,530087,43,0,0
random,5.6,10,0,88,0,1,1,0,1,0.5900000000000001,530088,43,0,0
random,7.0,11,0,89,0,1,1,0,1,0.8600000000000003,530089,43,0,0
random,0.6,1,0,90,0,1,0,0,0,0.6300000000000001,530090,43,0,0
random,5.8,12,0,91,0,1,1,0,1,0.6500000000000001,530091,43,0,0
random,2.1,4,0,92,0,0,0,0,0,0.7400000000000002,530092,43,0,0
random,3.4,10,0,93,0,1,0,0,0,0.79,530093,43,0,0
random,0.8999999999999999,2,0,94,0,0,0,0,0,0.45,530094,43,0,0
random,3.1,3,0,95,0,1,1,0,1,0.56,530095,43,0,0
random,1.5,3,0,96,0,1,0,0,0,0.48,530096,43,0,0
random,0.6,1,0,97,0,1,0,0,0,0.6399999999999999,530097,43,0,0
random,3.7999999999999994,13,0,98,0,1,1,0,0,0.39,530098,43,0,0
random,6.200000000000001,11,0,99,0,1,1,0,1,0.6400000000000001,530099,43,0,0
random,7.099999999999999,14,0,100,0,1,1,0,1,0.6700000000000002,530100,43,0,0
random,0.3999999999999999,3,0,101,0,0,0,0,0,0.46,530101,43,0,0
random,3.4,5,0,102,0,1,1,0,0,0.6000000000000001,530102,43,0,0
random,1.4,6,0,103,0,1,1,0,0,0.43,530103,43,0,0
random,0.6,1,0,104,0,0,0,0,0,0.5700000000000001,530104,43,0,0
random,-0.09999999999999998,3,0,105,0,1,0,0,0,0.5800000000000001,530105,43,0,0
random,3.0,8,0,106,0,1,1,0,1,0.6600000000000001,530106,43,0,0
random,2.8,4,0,107,0,1,0,0,1,0.6900000000000002,530107,43,0,0
random,1.7000000000000002,4,0,108,0,0,0,0,0,0.6599999999999999,530108,43,0,0
random,1.9,7,0,109,0,1,0,0,0,0.55,530109,43,0,0
random,1.2999999999999998,9,0,110,0,0,0,0,0,0.54,530110,43,0,0
random,0.6,1,0,111,0,0,0,0,0,0.51,530111,43,0,0
random,7.399999999999999,13,0,112,0,1,1,0,1,0.8600000000000003,530112,43,0,0
random,-0.09999999999999998,11,0,113,0,1,1,0,0,0.33,530113,43,0,0
random,4.199999999999999,12,0,114,0,1,1,0,1,0.9000000000000004,530114,43,0,0
random,-0.09999999999999998,3,0,115,0,1,0,0,0,0.34,530115,43,0,0
random,0.6,1,0,116,0,1,0,0,0,0.5800000000000001,530116,43,0,0
random,-0.20000000000000007,14,0,117,0,1,1,0,0,0.31,530117,43,0,0
random,0.6,1,0,118,0,1,0,0,0,0.6200000000000001,530118,43,0,0
random,-0.5000000000000001,5,0,119,0,1,1,0,0,0.47,530119,43,0,0
random,0.09999999999999998,3,0,120,0,1,0,0,0,0.5,530120,43,0,0
random,7.099999999999999,10,0,121,0,1,1,0,1,1.0,530121,43,0,0
random,-0.9,10,0,122,0,1,1,0,0,0.34,530122,43,0,0
random,2.2,10,0,123,0,1,1,0,1,0.5900000000000001,530123,43,0,0
random,-0.4,10,0,124,0,1,1,0,0,0.41000000000000003,530124,43,0,0
random,4.8999999999999995,11,0,125,0,1,1,0,0,0.7100000000000002,530125,43,0,0
random,5.199999999999999,10,0,126,0,1,1,0,1,0.6800000000000002,530126,43,0,0
random,0.6,1,0,127,0,1,0,0,0,0.55,530127,43,0,0
random,1.1,2,0,128,0,1,0,0,0,0.55,530128,43,0,0
random,6.599999999999999,14,0,129,0,1,1,0,1,1.0,530129,43,0,0
random,5.699999999999999,12,0,130,0,0,0,0,1,0.9200000000000004,530130,43,0,0
random,5.1,10,0,131,0,0,0,0,1,0.9000000000000004,530131,43,0,0
random,2.1,7,0,132,0,1,0,0,0,0.6000000000000001,530132,43,0,0
random,0.6,1,0,133,0,1,0,0,0,0.6200000000000001,530133,43,0,0
random,5.399999999999999,8,0,134,0,1,1,0,1,0.8500000000000003,530134,43,0,0
random,1.1,5,0,135,0,0,0,0,0,0.6200000000000001,530135,43,0,0
random,4.6,10,0,136,0,1,1,0,1,0.49,530136,43,0,0
random,2.9,10,0,137,0,0,0,0,0,0.41000000000000003,530137,43,0,0
random,11.8,11,1,138,0,1,1,0,1,0.9800000000000004,530138,43,0,0
random,-0.09999999999999998,2,0,139,0,0,0,0,0,0.38,530139,43,0,0
random,1.2,2,0,140,0,1,0,0,0,0.49,530140,43,0,0
random,3.2,11,0,141,0,0,0,0,0,0.6200000000000001,530141,43,0,0
random,0.6,1,0,142,0,1,0,0,0,0.6200000000000001,530142,43,0,0
random,1.8000000000000003,11,0,143,0,1,1,0,0,0.51,530143,43,0,0
random,1.8000000000000003,5,0,144,0,1,1,0,0,0.51,530144,43,0,0
random,2.3,11,0,145,0,0,0,0,0,0.7000000000000002,530145,43,0,0
random,0.6,1,0,146,0,1,0,0,0,0.41000000000000003,530146,43,0,0
random,-0.7999999999999999,5,0,147,0,0,0,0,0,0.32,530147,43,0,0
random,5.1,10,0,148,0,1,1,0,1,0.7100000000000002,530148,43,0,0
random,1.4,5,0,149,0,0,0,0,0,0.55,530149,43,0,0
random,5.199999999999999,14,0,150,0,1,1,0,1,0.7900000000000003,530150,43,0,0
random,1.2,2,0,151,0,1,0,0,0,0.6400000000000001,530151,43,0,0
random,3.6999999999999997,14,0,152,0,1,1,0,0,0.5,530152,43,0,0
random,3.6999999999999997,12,0,153,0,1,1,0,1,0.7900000000000003,530153,43,0,0
random,6.1,11,0,154,0,1,1,0,1,0.7200000000000002,530154,43,0,0
random,0.6,1,0,155,0,1,0,0,0,0.42,530155,43,0,0
random,3.1,14,0,156,0,0,0,0,1,0.7000000000000002,530156,43,0,0
random,1.4,7,0,157,0,1,0,0,0,0.8000000000000003,530157,43,0,0
random,4.8,10,0,158,0,1,1,0,1,0.6200000000000001,530158,43,0,0
random,0.09999999999999998,11,0,159,0,1,1,0,0,0.5799999999999998,530159,43,0,0
random,2.5999999999999996,10,0,160,0,1,1,0,0,0.45,530160,43,0,0
random,1.5,3,0,161,0,1,1,0,0,0.6400000000000001,530161,43,0,0
random,3.1,13,0,162,0,1,0,0,0,0.49,530162,43,0,0
random,6.300000000000001,13,0,163,0,1,1,0,1,0.6900000000000002,530163,43,0,0
random,2.5999999999999996,14,0,164,0,1,1,0,0,0.6200000000000001,530164,43,0,0
random,1.3999999999999995,14,0,165,0,1,1,0,0,0.47000000000000003,530165,43,0,0
random,-0.4,2,0,166,0,1,0,0,0,0.35,530166,43,0,0
random,0.8,6,0,167,0,1,1,0,0,0.39,530167,43,0,0
random,4.699999999999999,11,0,168,0,1,1,0,1,0.8900000000000003,530168,43,0,0
random,1.1999999999999997,8,0,169,0,1,1,0,0,0.49,530169,43,0,0
random,6.1,11,0,170,0,1,1,0,1,0.8000000000000003,530170,43,0,0
random,-1.9999999999999996,12,0,171,0,0,0,0,0,0.4,530171,43,0,0
random,-0.19999999999999996,5,0,172,0,1,1,0,0,0.4,530172,43,0,0
random,1.2000000000000002,4,0,173,0,1,0,0,0,0.51,530173,43,0,0
random,0.3999999999999999,3,0,174,0,1,0,0,0,0.43,530174,43,0,0
random,0.6,1,0,175,0,0,0,0,0,0.6200000000000001,530175,43,0,0
random,5.4,6,0,176,0,1,1,0,1,0.8600000000000003,530176,43,0,0
random,6.099999999999999,12,0,177,0,1,0,0,1,0.7300000000000002,530177,43,0,0
random,3.3,8,0,178,0,1,1,0,1,0.8400000000000003,530178,43,0,0
random,1.3,11,0,179,0,0,0,0,0,0.51,530179,43,0,0
random,4.6,10,0,180,0,1,1,0,1,0.7200000000000002,530180,43,0,0
random,0.5,4,0,181,0,1,0,0,0,0.51,530181,43,0,0
random,1.2,2,0,182,0,0,0,0,0,0.6000000000000001,530182,43,0,0
random,1.6,5,0,183,0,1,1,0,0,0.7000000000000002,530183,43,0,0
random,0.5,3,0,184,0,1,1,0,0,0.49,530184,43,0,0
random,4.9,7,0,185,0,1,1,0,1,0.6700000000000002,530185,43,0,0
random,4.199999999999999,6,0,186,0,1,0,0,1,0.7100000000000002,530186,43,0,0
random,4.5,12,0,187,0,1,1,0,1,0.7400000000000002,530187,43,0,0
random,2.0,13,0,188,0,1,1,0,0,0.38,530188,43,0,0
random,2.9,13,0,189,0,0,0,0,0,0.47000000000000003,530189,43,0,0
random,3.5,10,0,190,0,0,0,0,1,0.5800000000000001,530190,43,0,0
random,3.9999999999999996,14,0,191,0,1,1,0,0,0.5700000000000001,530191,43,0,0
random,1.5,5,0,192,0,1,0,0,0,0.39,530192,43,0,0
random,1.7000000000000002,3,0,193,0,1,0,0,0,0.47000000000000003,530193,43,0,0
random,1.4,5,0,194,0,1,1,0,0,0.47000000000000003,530194,43,0,0
random,0.6,1,0,195,0,1,0,0,0,0.5700000000000001,530195,43,0,0
random,2.1,3,0,196,0,1,0,0,0,0.6000000000000001,530196,43,0,0
random,1.5,3,0,197,0,1,0,0,0,0.6800000000000002,530197,43,0,0
random,-0.9,9,0,198,0,0,0,0,0,0.44,530198,43,0,0
random,1.9000000000000004,11,0,199,0,1,0,0,0,0.55,530199,43,0,0
rule,2.3000000000000003,11,0,0,0,1,0,0,0,0.7300000000000002,530000,43,0,0
rule,-1.6,13,0,1,0,1,0,0,0,0.53,530001,43,0,0
rule,11.5,9,1,2,0,1,1,0,1,0.9300000000000004,530002,43,0,0
rule,3.0,14,0,3,0,1,1,0,0,0.6000000000000001,530003,43,0,0
rule,2.9,13,0,4,0,1,0,0,1,0.8100000000000003,530004,43,0,0
rule,9.7,13,0,5,0,1,1,0,1,0.6900000000000002,530005,43,0,0
rule,3.8000000000000003,13,0,6,0,1,1,0,0,0.71,530006,43,0,0
rule,6.0,12,0,7,0,1,1,0,1,0.8500000000000003,530007,43,0,0
rule,-1.1102230246251565e-16,12,0,8,0,0,0,0,0,0.56,530008,43,0,0
rule,4.8,12,0,9,0,1,1,0,1,1.0,530009,43,0,0
rule,9.899999999999999,7,1,10,0,1,1,0,1,0.7700000000000002,530010,43,0,0
rule,11.399999999999999,8,1,11,0,0,0,0,1,0.5900000000000001,530011,43,0,0
rule,3.1999999999999997,13,0,12,0,1,1,0,1,0.8500000000000003,530012,43,0,0
rule,5.6,10,0,13,0,1,1,0,1,0.51,530013,43,0,0
rule,4.3,12,0,14,0,1,1,0,0,0.54,530014,43,0,0
rule,0.2999999999999999,12,0,15,0,0,0,0,0,0.7300000000000002,530015,43,0,0
rule,-3.8000000000000003,5,0,16,0,1,0,0,0,0.18,530016,43,0,0
rule,3.3,14,0,17,0,1,0,0,1,1.0,530017,43,0,0
rule,3.1,10,0,18,0,1,1,0,0,0.6400000000000001,530018,43,0,0
rule,2.7,10,0,19,0,1,1,0,0,0.41000000000000003,530019,43,0,0
rule,4.699999999999999,12,0,20,0,0,0,0,0,0.44,530020,43,0,0
rule,3.8999999999999995,14,0,21,0,0,0,0,1,1.0,530021,43,0,0
rule,3.3,13,0,22,0,1,0,0,1,0.6300000000000001,530022,43,0,0
rule,-1.3000000000000003,10,0,23,0,0,0,0,0,0.6700000000000002,530023,43,0,0
rule,5.6,12,0,24,0,1,1,0,0,0.7400000000000002,530024,43,0,0
rule,-3.1999999999999997,14,0,25,0,1,0,0,0,0.39,530025,43,0,0
rule,8.1,13,0,26,0,0,0,0,1,0.7500000000000002,530026,43,0,0
rule,3.8000000000000003,11,0,27,0,1,1,0,0,0.7400000000000002,530027,43,0,0
rule,6.799999999999999,11,0,28,0,1,1,0,1,0.6500000000000001,530028,43,0,0
rule,4.3,10,0,29,0,1,1,0,0,0.6100000000000001,530029,43,0,0
rule,8.0,11,0,30,0,1,1,0,1,0.8600000000000001,530030,43,0,0
rule,8.7,14,0,31,0,1,1,0,1,0.7200000000000002,530031,43,0,0
rule,0.8999999999999999,14,0,32,0,1,1,0,1,0.6500000000000001,530032,43,0,0
rule,4.2,13,0,33,0,1,1,0,1,0.8100000000000003,530033,43,0,0
rule,5.0,14,0,34,0,1,1,0,0,0.71,530034,43,0,0
rule,9.7,8,1,35,0,1,1,0,1,0.9500000000000004,530035,43,0,0
rule,1.7999999999999998,12,0,36,0,1,1,0,0,0.41000000000000003,530036,43,0,0
rule,12.0,9,1,37,0,1,1,0,1,0.6400000000000001,530037,43,0,0
rule,-0.9,10,0,38,0,1,0,0,0,0.54,530038,43,0,0
rule,0.4,10,0,39,0,1,0,0,0,0.53,530039,43,0,0
rule,-2.6,13,0,40,0,1,0,0,0,0.5,530040,43,0,0
rule,4.499999999999999,11,0,41,0,0,0,0,1,0.8800000000000003,530041,43,0,0
rule,10.299999999999999,10,1,42,0,1,1,0,1,0.7100000000000002,530042,43,0,0
rule,0.2999999999999999,12,0,43,0,1,0,0,0,0.8700000000000001,530043,43,0,0
rule,10.0,9,1,44,0,1,1,0,1,0.9600000000000004,530044,43,0,0
rule,11.7,6,1,45,0,1,1,0,1,0.7900000000000003,530045,43,0,0
rule,0.9999999999999997,9,0,46,0,1,0,0,0,0.16999999999999998,530046,43,0,0
rule,3.9999999999999996,11,0,47,0,1,1,0,1,0.8000000000000003,530047,43,0,0
rule,4.8999999999999995,10,0,48,0,1,1,0,0,0.7700000000000002,530048,43,0,0
rule,-0.30000000000000016,13,0,49,0,0,0,0,0,0.6500000000000001,530049,43,0,0
rule,6.699999999999999,12,0,50,0,1,1,0,1,0.7300000000000002,530050,43,0,0
rule,14.2,11,1,51,0,1,1,0,1,0.7500000000000002,530051,43,0,0
rule,7.199999999999999,13,0,52,0,1,1,0,1,0.8200000000000003,530052,43,0,0
rule,2.8999999999999995,13,0,53,0,1,0,0,1,1.0,530053,43,0,0
rule,5.699999999999999,10,0,54,0,1,1,0,1,1.0,530054,43,0,0
rule,3.1,14,0,55,0,1,0,0,0,0.53,530055,43,0,0
rule,3.5999999999999996,14,0,56,0,1,0,0,1,1.0,530056,43,0,0
rule,11.7,7,1,57,0,1,1,0,1,0.7100000000000002,530057,43,0,0
rule,1.5,10,0,58,0,0,0,0,0,0.42999999999999994,530058,43,0,0
rule,4.199999999999999,12,0,59,0,1,1,0,1,0.8900000000000003,530059,43,0,0
rule,12.5,7,1,60,0,1,1,0,1,0.8500000000000003,530060,43,0,0
rule,4.3999999999999995,14,0,61,0,1,0,0,0,0.51,530061,43,0,0
rule,14.599999999999998,10,1,62,0,1,1,0,1,0.8300000000000003,530062,43,0,0
rule,5.1,10,0,63,0,1,1,0,1,1.0,530063,43,0,0
rule,5.699999999999999,11,0,64,0,1,1,0,1,0.6900000000000002,530064,43,0,0
rule,10.2,8,1,65,0,1,1,0,1,0.9100000000000004,530065,43,0,0
rule,13.0,8,1,66,0,1,1,0,1,0.7200000000000002,530066,43,0,0
rule,4.199999999999999,11,0,67,0,1,0,0,1,0.9700000000000004,530067,43,0,0
rule,10.7,12,0,68,0,0,0,0,1,0.7500000000000002,530068,43,0,0
rule,7.6,10,0,69,0,1,1,0,1,0.6500000000000001,530069,43,0,0
rule,4.1,14,0,70,0,1,1,0,1,1.0,530070,43,0,0
rule,1.2999999999999998,11,0,71,0,0,0,0,0,0.4,530071,43,0,0
rule,4.5,13,0,72,0,1,1,0,0,0.38,530072,43,0,0
rule,13.3,10,1,73,0,1,1,0,1,0.8600000000000003,530073,43,0,0
rule,3.600000000000001,14,0,74,0,1,1,0,0,0.6000000000000001,530074,43,0,0
rule,-3.8000000000000003,12,0,75,0,1,0,0,0,0.22999999999999998,530075,43,0,0
rule,-2.2,11,0,76,0,1,0,0,0,0.43,530076,43,0,0
rule,-1.3000000000000003,11,0,77,0,0,0,0,0,0.6000000000000001,530077,43,0,0
rule,8.2,12,0,78,0,0,0,0,1,0.7600000000000002,530078,43,0,0
rule,-4.500000000000001,14,0,79,0,0,0,0,0,0.31,530079,43,0,0
rule,2.9,13,0,80,0,1,1,0,0,0.31,530080,43,0,0
rule,-0.30000000000000016,14,0,81,0,0,0,0,0,0.55,530081,43,0,0
rule,4.3999999999999995,14,0,82,0,0,0,0,0,0.35,530082,43,0,0
rule,0.4999999999999999,10,0,83,0,0,0,0,0,0.21999999999999997,530083,43,0,0
rule,5.0,14,0,84,0,1,0,0,0,0.6400000000000001,530084,43,0,0
rule,3.5000000000000004,10,0,85,0,1,1,0,0,0.42,530085,43,0,0
rule,4.2,13,0,86,0,0,0,0,0,0.6800000000000002,530086,43,0,0
rule,4.5,11,0,87,0,1,1,0,0,0.73,530087,43,0,0
rule,6.199999999999999,14,0,88,0,1,1,0,1,0.52,530088,43,0,0
rule,6.3999999999999995,13,0,89,0,1,1,0,1,0.7900000000000003,530089,43,0,0
rule,-1.6,14,0,90,0,1,0,0,0,0.6300000000000001,530090,43,0,0
rule,7.3999999999999995,12,0,91,0,1,1,0,1,0.7200000000000002,530091,43,0,0
rule,4.0,10,0,92,0,0,0,0,0,0.7400000000000002,530092,43,0,0
rule,4.5,14,0,93,0,1,1,0,0,0.6499999999999999,530093,43,0,0
rule,12.399999999999999,10,1,94,0,0,0,0,1,0.5900000000000001,530094,43,0,0
rule,4.199999999999999,10,0,95,0,1,1,0,1,0.7000000000000002,530095,43,0,0
rule,1.1999999999999997,13,0,96,0,1,1,0,0,0.41000000000000003,530096,43,0,0
rule,4.5,10,0,97,0,1,1,0,1,0.9900000000000002,530097,43,0,0
rule,3.2000000000000006,13,0,98,0,1,1,0,0,0.32,530098,43,0,0
rule,6.1,11,0,99,0,1,1,0,1,0.6400000000000001,530099,43,0,0
rule,6.6,14,0,100,0,1,1,0,1,0.6000000000000001,530100,43,0,0
rule,1.3000000000000003,11,0,101,0,0,0,0,1,0.6700000000000002,530101,43,0,0
rule,6.5,13,0,102,0,1,1,0,1,0.8800000000000003,530102,43,0,0
rule,-0.6,11,0,103,0,1,0,0,0,0.43,530103,43,0,0
rule,-5.1000000000000005,9,0,104,0,0,0,0,0,0.21999999999999997,530104,43,0,0
rule,4.699999999999999,12,0,105,0,1,1,0,1,0.9300000000000004,530105,43,0,0
rule,4.2,14,0,106,0,1,1,0,1,1.0,530106,43,0,0
rule,0.2999999999999997,13,0,107,0,1,1,0,0,0.6200000000000001,530107,43,0,0
rule,-0.9,10,0,108,0,0,0,0,0,0.5900000000000001,530108,43,0,0
rule,-2.3000000000000003,12,0,109,0,1,0,0,0,0.55,530109,43,0,0
rule,4.1,14,0,110,0,0,0,0,0,0.54,530110,43,0,0
rule,8.1,11,0,111,0,0,0,0,1,0.7900000000000003,530111,43,0,0
rule,13.0,8,1,112,0,1,1,0,1,0.7900000000000003,530112,43,0,0
rule,2.900000000000001,11,0,113,0,1,1,0,0,0.33,530113,43,0,0
rule,2.3000000000000003,12,0,114,0,1,0,0,1,0.8300000000000003,530114,43,0,0
rule,6.4,13,0,115,0,1,1,0,1,0.55,530115,43,0,0
rule,1.7000000000000002,12,0,116,0,1,1,0,0,0.51,530116,43,0,0
rule,9.7,10,1,117,0,1,1,0,1,0.8700000000000003,530117,43,0,0
rule,9.7,8,1,118,0,1,1,0,1,1.0,530118,43,0,0
rule,0.7999999999999997,10,0,119,0,1,1,0,0,0.32999999999999996,530119,43,0,0
rule,6.1,11,0,120,0,1,1,0,0,0.7100000000000002,530120,43,0,0
rule,9.1,10,0,121,0,1,1,0,1,0.9800000000000004,530121,43,0,0
rule,-2.1999999999999997,10,0,122,0,1,0,0,0,0.27,530122,43,0,0
rule,0.29999999999999993,10,0,123,0,1,1,0,0,0.52,530123,43,0,0
rule,-2.5,8,0,124,0,1,0,0,0,0.2,530124,43,0,0
rule,11.7,6,1,125,0,1,1,0,1,0.9200000000000004,530125,43,0,0
rule,3.9,14,0,126,0,1,1,0,1,0.6100000000000001,530126,43,0,0
rule,-0.7000000000000001,10,0,127,0,1,1,0,0,0.6200000000000001,530127,43,0,0
rule,4.199999999999999,12,0,128,0,1,1,0,1,0.8300000000000003,530128,43,0,0
rule,10.399999999999999,5,1,129,0,1,1,0,1,0.8600000000000001,530129,43,0,0
rule,3.6,12,0,130,0,0,0,0,1,0.7800000000000002,530130,43,0,0
rule,7.3,10,0,131,0,0,0,0,1,0.7600000000000002,530131,43,0,0
rule,0.29999999999999993,13,0,132,0,1,0,0,0,0.39,530132,43,0,0
rule,13.0,8,1,133,0,1,1,0,1,0.8300000000000003,530133,43,0,0
rule,4.5,12,0,134,0,1,1,0,1,0.9200000000000004,530134,43,0,0
rule,2.4999999999999996,14,0,135,0,0,0,0,0,0.34,530135,43,0,0
rule,3.8000000000000003,14,0,136,0,1,1,0,0,0.49,530136,43,0,0
rule,3.1,10,0,137,0,0,0,0,0,0.34,530137,43,0,0
rule,11.2,6,1,138,0,1,1,0,1,0.9100000000000004,530138,43,0,0
rule,2.9,13,0,139,0,0,0,0,0,0.45,530139,43,0,0
rule,11.2,6,1,140,0,1,1,0,1,0.6300000000000001,530140,43,0,0
rule,11.899999999999999,7,1,141,0,0,0,0,1,0.6900000000000002,530141,43,0,0
rule,10.899999999999999,6,1,142,0,1,1,0,1,0.9000000000000004,530142,43,0,0
rule,4.1,11,0,143,0,1,1,0,0,0.6500000000000001,530143,43,0,0
rule,6.3,13,0,144,0,1,1,0,0,0.5800000000000001,530144,43,0,0
rule,12.399999999999999,10,1,145,0,0,0,0,1,0.8400000000000003,530145,43,0,0
rule,1.7000000000000002,11,0,146,0,1,0,0,0,0.48000000000000004,530146,43,0,0
rule,-1.9,10,0,147,0,0,0,0,0,0.32,530147,43,0,0
rule,3.1,10,0,148,0,1,0,0,0,0.43,530148,43,0,0
rule,-2.1999999999999997,11,0,149,0,0,0,0,0,0.41,530149,43,0,0
rule,4.5,14,0,150,0,1,1,0,0,0.6499999999999999,530150,43,0,0
rule,6.799999999999999,14,0,151,0,1,1,0,1,0.7100000000000002,530151,43,0,0
rule,3.7000000000000006,14,0,152,0,1,1,0,0,0.36,530152,43,0,0
rule,7.2,12,0,153,0,1,1,0,1,0.7900000000000003,530153,43,0,0
rule,6.3,11,0,154,0,1,1,0,0,0.6500000000000001,530154,43,0,0
rule,3.3000000000000007,13,0,155,0,1,1,0,1,0.9100000000000004,530155,43,0,0
rule,-1.0,14,0,156,0,0,0,0,0,0.6300000000000001,530156,43,0,0
rule,-1.0,12,0,157,0,1,1,0,0,0.6600000000000001,530157,43,0,0
rule,2.0,10,0,158,0,1,0,0,0,0.55,530158,43,0,0
rule,-0.20000000000000007,11,0,159,0,1,1,0,0,0.4399999999999998,530159,43,0,0
rule,4.1,10,0,160,0,1,1,0,1,0.5900000000000001,530160,43,0,0
rule,2.1999999999999997,14,0,161,0,1,1,0,1,0.9900000000000004,530161,43,0,0
rule,1.7000000000000002,13,0,162,0,1,1,0,0,0.42000000000000004,530162,43,0,0
rule,2.9,13,0,163,0,1,1,0,0,0.48000000000000004,530163,43,0,0
rule,-0.6000000000000002,14,0,164,0,1,0,0,0,0.48,530164,43,0,0
rule,-1.6,14,0,165,0,1,0,0,0,0.4,530165,43,0,0
rule,1.1999999999999997,12,0,166,0,1,1,0,1,0.56,530166,43,0,0
rule,5.299999999999999,12,0,167,0,1,1,0,0,0.53,530167,43,0,0
rule,7.199999999999999,12,0,168,0,1,1,0,1,0.8900000000000003,530168,43,0,0
rule,-1.6,13,0,169,0,1,0,0,0,0.42,530169,43,0,0
rule,3.5000000000000004,11,0,170,0,1,1,0,1,0.8000000000000003,530170,43,0,0
rule,4.799999999999999,12,0,171,0,0,0,0,1,1.0,530171,43,0,0
rule,-3.1999999999999997,14,0,172,0,1,0,0,0,0.33,530172,43,0,0
rule,5.0,12,0,173,0,1,1,0,0,0.5800000000000001,530173,43,0,0
rule,9.4,10,0,174,0,1,1,0,1,0.7100000000000002,530174,43,0,0
rule,2.5999999999999996,11,0,175,0,0,0,0,0,0.55,530175,43,0,0
rule,8.700000000000001,12,0,176,0,1,1,0,1,1.0,530176,43,0,0
rule,4.699999999999999,12,0,177,0,1,1,0,0,0.52,530177,43,0,0
rule,7.0,14,0,178,0,1,1,0,1,1.0,530178,43,0,0
rule,3.9,11,0,179,0,0,0,0,0,0.5800000000000001,530179,43,0,0
rule,7.2,13,0,180,0,1,1,0,1,0.7900000000000003,530180,43,0,0
rule,-2.1999999999999997,10,0,181,0,1,0,0,0,0.37,530181,43,0,0
rule,3.900000000000001,13,0,182,0,0,0,0,0,0.53,530182,43,0,0
rule,-0.5000000000000003,10,0,183,0,1,1,0,0,0.35000000000000003,530183,43,0,0
rule,-1.3000000000000003,7,0,184,0,1,0,0,0,0.20999999999999996,530184,43,0,0
rule,7.499999999999999,12,0,185,0,1,1,0,1,0.7400000000000002,530185,43,0,0
rule,5.399999999999999,11,0,186,0,1,0,0,1,0.8500000000000003,530186,43,0,0
rule,11.2,9,1,187,0,1,1,0,1,0.8100000000000003,530187,43,0,0
rule,4.5,13,0,188,0,1,1,0,0,0.45,530188,43,0,0
rule,3.0,13,0,189,0,0,0,0,0,0.4,530189,43,0,0
rule,-0.30000000000000016,13,0,190,0,0,0,0,0,0.51,530190,43,0,0
rule,1.6,14,0,191,0,1,1,0,0,0.43,530191,43,0,0
rule,6.300000000000001,14,0,192,0,1,1,0,1,0.39,530192,43,0,0
rule,-1.9,14,0,193,0,1,0,0,0,0.33,530193,43,0,0
rule,6.8999999999999995,14,0,194,0,1,1,0,0,0.6100000000000001,530194,43,0,0
rule,-4.8,14,0,195,0,1,0,0,0,0.29,530195,43,0,0
rule,4.199999999999999,11,0,196,0,1,0,0,1,0.9500000000000004,530196,43,0,0
rule,13.900000000000002,11,1,197,0,1,1,0,1,0.8200000000000003,530197,43,0,0
rule,-4.5,14,0,198,0,0,0,0,0,0.37,530198,43,0,0
rule,2.6,11,0,199,0,1,1,0,0,0.6200000000000001,530199,43,0,0
supervised,1.1,2,0,0,0,1,0,0,0,0.52,530000,43,0,0
supervised,-1.6,13,0,1,0,1,0,0,0,0.53,530001,43,0,0
supervised,8.2,10,0,2,0,1,0,0,1,1.0,530002,43,0,0
supervised,2.5,14,0,3,0,1,1,0,0,0.53,530003,43,0,0
supervised,0.9,13,0,4,0,1,1,0,0,0.6700000000000002,530004,43,0,0
supervised,9.7,13,0,5,0,1,0,0,1,0.9000000000000004,530005,43,0,0
supervised,7.3999999999999995,13,0,6,0,1,0,0,1,0.8500000000000001,530006,43,0,0
supervised,3.0000000000000013,12,0,7,0,1,1,0,0,0.5700000000000001,530007,43,0,0
supervised,-0.20000000000000007,12,0,8,0,0,0,0,0,0.56,530008,43,0,0
supervised,4.8,12,0,9,0,1,1,0,1,1.0,530009,43,0,0
supervised,7.2,14,0,10,0,1,0,0,1,1.0,530010,43,0,0
supervised,9.1,12,0,11,0,0,0,0,1,0.7300000000000002,530011,43,0,0
supervised,1.5999999999999996,13,0,12,0,1,0,0,0,0.7800000000000002,530012,43,0,0
supervised,4.3,10,0,13,0,1,1,0,0,0.44,530013,43,0,0
supervised,3.1,12,0,14,0,1,0,0,0,0.4,530014,43,0,0
supervised,0.2999999999999999,12,0,15,0,0,0,0,0,0.7300000000000002,530015,43,0,0
supervised,-3.8000000000000003,5,0,16,0,1,0,0,0,0.18,530016,43,0,0
supervised,2.0,3,0,17,0,1,0,0,0,0.53,530017,43,0,0
supervised,2.6999999999999997,10,0,18,0,1,0,0,0,0.43,530018,43,0,0
supervised,3.0000000000000004,10,0,19,0,1,1,0,0,0.41000000000000003,530019,43,0,0
supervised,4.999999999999999,12,0,20,0,0,0,0,0,0.44,530020,43,0,0
supervised,2.8,14,0,21,0,0,0,0,1,1.0,530021,43,0,0
supervised,3.900000000000001,13,0,22,0,1,1,0,1,0.6300000000000001,530022,43,0,0
supervised,-1.5,10,0,23,0,0,0,0,0,0.6700000000000002,530023,43,0,0
supervised,4.2,12,0,24,0,1,1,0,0,0.53,530024,43,0,0
supervised,-1.3000000000000003,14,0,25,0,1,0,0,0,0.53,530025,43,0,0
supervised,8.4,13,0,26,0,0,0,0,1,0.7500000000000002,530026,43,0,0
supervised,6.800000000000001,11,0,27,0,1,0,0,1,0.8100000000000003,530027,43,0,0
supervised,7.999999999999999,11,0,28,0,1,0,0,1,0.7200000000000002,530028,43,0,0
supervised,3.3000000000000003,10,0,29,0,1,1,0,0,0.54,530029,43,0,0
supervised,8.0,11,0,30,0,1,1,0,1,0.8600000000000001,530030,43,0,0
supervised,8.7,14,0,31,0,1,1,0,1,0.7200000000000002,530031,43,0,0
supervised,3.5000000000000004,14,0,32,0,1,1,0,1,0.6500000000000001,530032,43,0,0
supervised,1.1,2,0,33,0,1,0,0,0,0.53,530033,43,0,0
supervised,7.6,14,0,34,0,1,1,0,1,0.78,530034,43,0,0
supervised,9.600000000000001,11,0,35,0,1,0,0,1,1.0,530035,43,0,0
supervised,2.1,12,0,36,0,1,1,0,0,0.41000000000000003,530036,43,0,0
supervised,10.200000000000001,14,0,37,0,1,1,0,1,0.8500000000000003,530037,43,0,0
supervised,0.09999999999999998,3,0,38,0,1,0,0,0,0.54,530038,43,0,0
supervised,1.1,2,0,39,0,1,0,0,0,0.53,530039,43,0,0
supervised,2.9000000000000004,13,0,40,0,1,1,0,1,0.6400000000000001,530040,43,0,0
supervised,4.499999999999999,11,0,41,0,0,0,0,1,0.8800000000000003,530041,43,0,0
supervised,2.3,12,0,42,0,1,0,0,1,0.5700000000000001,530042,43,0,0
supervised,1.4,2,0,43,0,1,0,0,0,0.73,530043,43,0,0
supervised,9.7,14,0,44,0,1,0,0,1,1.0,530044,43,0,0
supervised,8.999999999999996,14,0,45,0,1,0,0,1,1.0,530045,43,0,0
supervised,0.9999999999999997,9,0,46,0,1,0,0,0,0.16999999999999998,530046,43,0,0
supervised,3.2,11,0,47,0,1,0,0,0,0.45,530047,43,0,0
supervised,3.8000000000000003,10,0,48,0,1,1,0,0,0.7000000000000002,530048,43,0,0
supervised,-0.5000000000000001,13,0,49,0,0,0,0,0,0.6500000000000001,530049,43,0,0
supervised,4.3,12,0,50,0,1,1,0,0,0.52,530050,43,0,0
supervised,9.499999999999998,14,0,51,0,1,1,0,1,0.8200000000000003,530051,43,0,0
supervised,4.999999999999999,13,0,52,0,1,1,0,1,0.8900000000000003,530052,43,0,0
supervised,4.699999999999999,13,0,53,0,1,1,0,1,1.0,530053,43,0,0
supervised,5.699999999999999,10,0,54,0,1,1,0,1,1.0,530054,43,0,0
supervised,8.9,14,0,55,0,1,0,0,1,0.7400000000000002,530055,43,0,0
supervised,4.199999999999999,14,0,56,0,1,1,0,1,1.0,530056,43,0,0
supervised,10.4,12,0,57,0,1,0,0,1,0.8500000000000003,530057,43,0,0
supervised,1.5,10,0,58,0,0,0,0,0,0.42999999999999994,530058,43,0,0
supervised,4.199999999999999,12,0,59,0,1,1,0,1,0.8900000000000003,530059,43,0,0
supervised,10.4,12,0,60,0,1,1,0,1,1.0,530060,43,0,0
supervised,4.3999999999999995,14,0,61,0,1,0,0,0,0.51,530061,43,0,0
supervised,11.2,13,0,62,0,1,1,0,1,0.8300000000000003,530062,43,0,0
supervised,5.1,10,0,63,0,1,1,0,1,1.0,530063,43,0,0
supervised,5.8999999999999995,11,0,64,0,1,1,0,1,0.6200000000000001,530064,43,0,0
supervised,6.4,11,0,65,0,1,1,0,1,0.8400000000000003,530065,43,0,0
supervised,9.8,12,0,66,0,1,1,0,1,1.0,530066,43,0,0
supervised,2.0,3,0,67,0,1,0,0,0,0.6200000000000001,530067,43,0,0
supervised,10.8,12,0,68,0,0,0,0,1,0.7500000000000002,530068,43,0,0
supervised,8.299999999999999,10,0,69,0,1,0,0,1,0.7200000000000002,530069,43,0,0
supervised,-2.6000000000000005,14,0,70,0,1,1,0,0,0.45,530070,43,0,0
supervised,1.7000000000000002,11,0,71,0,0,0,0,0,0.4,530071,43,0,0
supervised,4.8,13,0,72,0,1,1,0,0,0.38,530072,43,0,0
supervised,8.600000000000001,11,0,73,0,1,1,0,1,0.9300000000000004,530073,43,0,0
supervised,2.2,14,0,74,0,1,0,0,0,0.39,530074,43,0,0
supervised,-1.2000000000000002,5,0,75,0,1,0,0,0,0.37,530075,43,0,0
supervised,0.09999999999999998,3,0,76,0,1,0,0,0,0.5,530076,43,0,0
supervised,-1.5000000000000004,11,0,77,0,0,0,0,0,0.6000000000000001,530077,43,0,0
supervised,9.8,12,0,78,0,0,0,0,1,0.7600000000000002,530078,43,0,0
supervised,-4.500000000000001,14,0,79,0,0,0,0,0,0.31,530079,43,0,0
supervised,3.1999999999999997,13,0,80,0,1,1,0,0,0.31,530080,43,0,0
supervised,-0.4999999999999999,14,0,81,0,0,0,0,0,0.55,530081,43,0,0
supervised,4.8,14,0,82,0,0,0,0,0,0.35,530082,43,0,0
supervised,0.5999999999999999,10,0,83,0,0,0,0,0,0.21999999999999997,530083,43,0,0
supervised,4.7,14,0,84,0,1,0,0,0,0.5700000000000001,530084,43,0,0
supervised,4.2,10,0,85,0,1,0,0,0,0.49,530085,43,0,0
supervised,4.6,13,0,86,0,0,0,0,0,0.6800000000000002,530086,43,0,0
supervised,4.5,11,0,87,0,1,1,0,0,0.6599999999999999,530087,43,0,0
supervised,7.8,14,0,88,0,1,0,0,1,0.8700000000000003,530088,43,0,0
supervised,6.3999999999999995,13,0,89,0,1,1,0,1,0.7900000000000003,530089,43,0,0
supervised,1.1,2,0,90,0,1,0,0,0,0.6300000000000001,530090,43,0,0
supervised,8.7,12,0,91,0,1,1,0,1,0.6500000000000001,530091,43,0,0
supervised,4.3,10,0,92,0,0,0,0,0,0.7400000000000002,530092,43,0,0
supervised,6.9,14,0,93,0,1,1,0,1,0.8600000000000001,530093,43,0,0
supervised,10.100000000000001,12,0,94,0,0,0,0,1,0.7300000000000002,530094,43,0,0
supervised,4.199999999999999,10,0,95,0,1,1,0,1,0.7000000000000002,530095,43,0,0
supervised,-1.4,13,0,96,0,1,1,0,0,0.19999999999999996,530096,43,0,0
supervised,4.5,10,0,97,0,1,1,0,1,0.9900000000000002,530097,43,0,0
supervised,3.4,13,0,98,0,1,1,0,0,0.25,530098,43,0,0
supervised,6.4,11,0,99,0,1,1,0,1,0.6400000000000001,530099,43,0,0
supervised,7.4,14,0,100,0,1,1,0,1,0.6000000000000001,530100,43,0,0
supervised,1.1000000000000003,11,0,101,0,0,0,0,1,0.6700000000000002,530101,43,0,0
supervised,5.8999999999999995,13,0,102,0,1,0,0,1,0.8100000000000003,530102,43,0,0
supervised,1.1,2,0,103,0,1,0,0,0,0.43,530103,43,0,0
supervised,-5.1000000000000005,9,0,104,0,0,0,0,0,0.21999999999999997,530104,43,0,0
supervised,5.3999999999999995,12,0,105,0,1,0,0,1,0.9300000000000004,530105,43,0,0
supervised,1.1,2,0,106,0,1,0,0,0,0.52,530106,43,0,0
supervised,0.2999999999999997,13,0,107,0,1,1,0,0,0.6200000000000001,530107,43,0,0
supervised,-1.1,10,0,108,0,0,0,0,0,0.5900000000000001,530108,43,0,0
supervised,-1.1102230246251565e-16,6,0,109,0,1,0,0,0,0.48,530109,43,0,0
supervised,4.5,14,0,110,0,0,0,0,0,0.54,530110,43,0,0
supervised,8.5,11,0,111,0,0,0,0,1,0.7900000000000003,530111,43,0,0
supervised,9.9,14,0,112,0,1,1,0,1,1.0,530112,43,0,0
supervised,3.2000000000000006,11,0,113,0,1,1,0,0,0.33,530113,43,0,0
supervised,2.6,12,0,114,0,1,1,0,1,0.9700000000000004,530114,43,0,0
supervised,6.499999999999999,13,0,115,0,1,0,0,0,0.55,530115,43,0,0
supervised,2.3,12,0,116,0,1,1,0,0,0.51,530116,43,0,0
supervised,6.300000000000001,14,0,117,0,1,0,0,1,0.5900000000000001,530117,43,0,0
supervised,4.9,12,0,118,0,1,1,0,0,0.8300000000000003,530118,43,0,0
supervised,0.7999999999999997,10,0,119,0,1,1,0,0,0.32999999999999996,530119,43,0,0
supervised,5.3,11,0,120,0,1,1,0,0,0.6400000000000001,530120,43,0,0
supervised,9.1,10,0,121,0,1,1,0,1,0.9800000000000004,530121,43,0,0
supervised,1.1,2,0,122,0,1,0,0,0,0.41000000000000003,530122,43,0,0
supervised,2.8999999999999995,10,0,123,0,1,1,0,1,0.5900000000000001,530123,43,0,0
supervised,-1.2000000000000002,5,0,124,0,1,0,0,0,0.27,530124,43,0,0
supervised,9.3,11,0,125,0,1,1,0,1,1.0,530125,43,0,0
supervised,3.9,14,0,126,0,1,1,0,1,0.6100000000000001,530126,43,0,0
supervised,1.0,10,0,127,0,1,0,0,0,0.6200000000000001,530127,43,0,0
supervised,2.2,12,0,128,0,1,1,0,1,0.7600000000000002,530128,43,0,0
supervised,7.1000000000000005,14,0,129,0,1,0,0,1,1.0,530129,43,0,0
supervised,3.4,12,0,130,0,0,0,0,1,0.7800000000000002,530130,43,0,0
supervised,7.699999999999999,10,0,131,0,0,0,0,1,0.7600000000000002,530131,43,0,0
supervised,1.1102230246251565e-16,13,0,132,0,1,0,0,0,0.32,530132,43,0,0
supervised,10.6,13,0,133,0,1,1,0,1,1.0,530133,43,0,0
supervised,4.5,12,0,134,0,1,1,0,1,0.9200000000000004,530134,43,0,0
supervised,2.6000000000000005,14,0,135,0,0,0,0,0,0.34,530135,43,0,0
supervised,6.600000000000001,14,0,136,0,1,1,0,1,0.49,530136,43,0,0
supervised,3.2,10,0,137,0,0,0,0,0,0.34,530137,43,0,0
supervised,7.6000000000000005,13,0,138,0,1,0,0,1,1.0,530138,43,0,0
supervised,3.3000000000000003,13,0,139,0,0,0,0,0,0.45,530139,43,0,0
supervised,7.199999999999999,10,0,140,0,1,1,0,1,0.9100000000000004,530140,43,0,0
supervised,9.3,11,0,141,0,0,0,0,1,0.9000000000000004,530141,43,0,0
supervised,8.299999999999999,12,0,142,0,1,0,0,1,1.0,530142,43,0,0
supervised,5.699999999999999,11,0,143,0,1,1,0,1,0.7200000000000002,530143,43,0,0
supervised,8.6,13,0,144,0,1,0,0,1,0.7200000000000002,530144,43,0,0
supervised,9.000000000000002,11,0,145,0,0,0,0,1,0.9800000000000004,530145,43,0,0
supervised,1.1,2,0,146,0,1,0,0,0,0.41000000000000003,530146,43,0,0
supervised,-2.1,10,0,147,0,0,0,0,0,0.32,530147,43,0,0
supervised,3.6999999999999997,10,0,148,0,1,0,0,0,0.5,530148,43,0,0
supervised,-2.1999999999999997,11,0,149,0,0,0,0,0,0.41,530149,43,0,0
supervised,4.8,14,0,150,0,1,1,0,0,0.6499999999999999,530150,43,0,0
supervised,8.999999999999998,14,0,151,0,1,1,0,1,0.9200000000000004,530151,43,0,0
supervised,6.7,14,0,152,0,1,0,0,0,0.5,530152,43,0,0
supervised,7.199999999999999,12,0,153,0,1,1,0,1,0.7900000000000003,530153,43,0,0
supervised,6.6,11,0,154,0,1,1,0,0,0.6500000000000001,530154,43,0,0
supervised,1.7000000000000002,3,0,155,0,1,0,0,0,0.49,530155,43,0,0
supervised,-1.2000000000000002,14,0,156,0,0,0,0,0,0.6300000000000001,530156,43,0,0
supervised,-1.0,12,0,157,0,1,1,0,0,0.6600000000000001,530157,43,0,0
supervised,4.199999999999999,10,0,158,0,1,1,0,1,0.6200000000000001,530158,43,0,0
supervised,3.2000000000000006,11,0,159,0,1,0,0,0,0.72,530159,43,0,0
supervised,4.8,10,0,160,0,1,0,0,1,0.6600000000000001,530160,43,0,0
supervised,3.5,14,0,161,0,1,1,0,1,0.9200000000000004,530161,43,0,0
supervised,-0.09999999999999998,13,0,162,0,1,0,0,0,0.42,530162,43,0,0
supervised,9.0,13,0,163,0,1,0,0,1,0.9700000000000004,530163,43,0,0
supervised,0.6,14,0,164,0,1,1,0,0,0.55,530164,43,0,0
supervised,2.5000000000000004,14,0,165,0,1,1,0,1,0.6100000000000001,530165,43,0,0
supervised,2.4999999999999996,12,0,166,0,1,1,0,1,0.56,530166,43,0,0
supervised,5.599999999999999,12,0,167,0,1,1,0,0,0.53,530167,43,0,0
supervised,7.199999999999999,12,0,168,0,1,1,0,1,0.8900000000000003,530168,43,0,0
supervised,-1.2000000000000002,4,0,169,0,1,0,0,0,0.27999999999999997,530169,43,0,0
supervised,-0.29999999999999993,11,0,170,0,1,0,0,0,0.45,530170,43,0,0
supervised,4.799999999999999,12,0,171,0,0,0,0,1,1.0,530171,43,0,0
supervised,0.09999999999999998,3,0,172,0,1,0,0,0,0.4,530172,43,0,0
supervised,5.3,12,0,173,0,1,1,0,0,0.5800000000000001,530173,43,0,0
supervised,9.700000000000001,10,0,174,0,1,1,0,1,0.7100000000000002,530174,43,0,0
supervised,3.0000000000000004,11,0,175,0,0,0,0,0,0.55,530175,43,0,0
supervised,8.4,12,0,176,0,1,0,0,1,1.0,530176,43,0,0
supervised,4.699999999999999,12,0,177,0,1,1,0,0,0.52,530177,43,0,0
supervised,4.3,14,0,178,0,1,0,0,0,0.7700000000000002,530178,43,0,0
supervised,4.3,11,0,179,0,0,0,0,0,0.5800000000000001,530179,43,0,0
supervised,7.1,13,0,180,0,1,1,0,1,0.7900000000000003,530180,43,0,0
supervised,-1.0,10,0,181,0,1,1,0,0,0.51,530181,43,0,0
supervised,4.2,13,0,182,0,0,0,0,0,0.53,530182,43,0,0
supervised,0.4999999999999999,10,0,183,0,1,0,0,0,0.42000000000000004,530183,43,0,0
supervised,-1.3000000000000003,7,0,184,0,1,0,0,0,0.20999999999999996,530184,43,0,0
supervised,9.1,12,0,185,0,1,1,0,1,0.7400000000000002,530185,43,0,0
supervised,6.299999999999999,11,0,186,0,1,1,0,1,0.8500000000000003,530186,43,0,0
supervised,9.2,12,0,187,0,1,0,0,1,0.8800000000000003,530187,43,0,0
supervised,4.5,13,0,188,0,1,1,0,0,0.38,530188,43,0,0
supervised,3.0,13,0,189,0,0,0,0,0,0.4,530189,43,0,0
supervised,-0.30000000000000016,13,0,190,0,0,0,0,0,0.51,530190,43,0,0
supervised,6.199999999999999,14,0,191,0,1,0,0,1,0.9900000000000004,530191,43,0,0
supervised,7.600000000000001,14,0,192,0,1,1,0,1,0.39,530192,43,0,0
supervised,1.1,2,0,193,0,1,0,0,0,0.4,530193,43,0,0
supervised,5.4,14,0,194,0,1,0,0,1,0.6800000000000002,530194,43,0,0
supervised,0.09999999999999998,4,0,195,0,1,0,0,0,0.5,530195,43,0,0
supervised,2.0,3,0,196,0,1,0,0,0,0.6000000000000001,530196,43,0,0
supervised,1.7999999999999998,14,0,197,0,1,0,0,0,0.6800000000000002,530197,43,0,0
supervised,-4.5,14,0,198,0,0,0,0,0,0.37,530198,43,0,0
supervised,-3.1999999999999997,9,0,199,0,1,0,0,0,0.2,530199,43,0,0
ppo,2.9,11,0,0,0,1,1,0,0,0.7300000000000002,530000,43,0,0
ppo,1.8999999999999997,13,0,1,0,1,1,0,1,0.7400000000000002,530001,43,0,0
ppo,8.2,10,0,2,0,1,0,0,1,1.0,530002,43,0,0
ppo,0.7999999999999999,14,0,3,0,1,0,0,0,0.39,530003,43,0,0
ppo,4.199999999999999,13,0,4,0,1,1,0,1,0.7400000000000002,530004,43,0,0
ppo,9.7,13,0,5,0,1,0,0,1,0.9000000000000004,530005,43,0,0
ppo,3.5000000000000004,13,0,6,0,1,1,0,0,0.6399999999999999,530006,43,0,0
ppo,3.0000000000000013,12,0,7,0,1,1,0,0,0.5700000000000001,530007,43,0,0
ppo,-1.1102230246251565e-16,12,0,8,0,0,0,0,0,0.56,530008,43,0,0
ppo,5.1,12,0,9,0,1,1,0,1,1.0,530009,43,0,0
ppo,7.2,14,0,10,0,1,0,0,1,1.0,530010,43,0,0
ppo,11.399999999999999,8,1,11,0,0,0,0,1,0.5900000000000001,530011,43,0,0
ppo,3.7999999999999994,13,0,12,0,1,1,0,1,0.8500000000000003,530012,43,0,0
ppo,4.3,10,0,13,0,1,1,0,0,0.44,530013,43,0,0
ppo,3.1,12,0,14,0,1,0,0,0,0.4,530014,43,0,0
ppo,0.2999999999999999,12,0,15,0,0,0,0,0,0.7300000000000002,530015,43,0,0
ppo,0.0,10,0,16,0,1,1,0,0,0.46,530016,43,0,0
ppo,3.3000000000000007,14,0,17,0,1,1,0,1,1.0,530017,43,0,0
ppo,1.9,10,0,18,0,1,0,0,0,0.43,530018,43,0,0
ppo,3.0000000000000004,10,0,19,0,1,1,0,0,0.41000000000000003,530019,43,0,0
ppo,4.999999999999999,12,0,20,0,0,0,0,0,0.44,530020,43,0,0
ppo,2.8,14,0,21,0,0,0,0,1,1.0,530021,43,0,0
ppo,3.900000000000001,13,0,22,0,1,1,0,1,0.6300000000000001,530022,43,0,0
ppo,-1.3000000000000003,10,0,23,0,0,0,0,0,0.6700000000000002,530023,43,0,0
ppo,4.7,12,0,24,0,1,1,0,0,0.53,530024,43,0,0
ppo,2.1999999999999997,14,0,25,0,1,1,0,1,0.8100000000000003,530025,43,0,0
ppo,8.4,13,0,26,0,0,0,0,1,0.7500000000000002,530026,43,0,0
ppo,6.800000000000001,11,0,27,0,1,0,0,1,0.8100000000000003,530027,43,0,0
ppo,7.999999999999999,11,0,28,0,1,0,0,1,0.7200000000000002,530028,43,0,0
ppo,4.6,10,0,29,0,1,1,0,0,0.6100000000000001,530029,43,0,0
ppo,8.0,11,0,30,0,1,1,0,1,0.8600000000000001,530030,43,0,0
ppo,9.2,14,0,31,0,1,1,0,1,0.7200000000000002,530031,43,0,0
ppo,0.8999999999999999,14,0,32,0,1,1,0,1,0.6500000000000001,530032,43,0,0
ppo,4.5,13,0,33,0,1,1,0,1,0.8100000000000003,530033,43,0,0
ppo,5.3,14,0,34,0,1,1,0,0,0.71,530034,43,0,0
ppo,9.600000000000001,11,0,35,0,1,0,0,1,1.0,530035,43,0,0
ppo,2.1,12,0,36,0,1,1,0,0,0.41000000000000003,530036,43,0,0
ppo,12.0,9,1,37,0,1,1,0,1,0.6400000000000001,530037,43,0,0
ppo,0.2999999999999999,10,0,38,0,1,1,0,0,0.6800000000000002,530038,43,0,0
ppo,1.6,10,0,39,0,1,1,0,0,0.6700000000000002,530039,43,0,0
ppo,1.9000000000000008,13,0,40,0,1,1,0,1,0.7800000000000002,530040,43,0,0
ppo,3.999999999999999,11,0,41,0,0,0,0,1,0.8800000000000003,530041,43,0,0
ppo,3.6999999999999997,12,0,42,0,1,0,0,0,0.36,530042,43,0,0
ppo,2.1999999999999993,12,0,43,0,1,1,0,1,0.9400000000000002,530043,43,0,0
ppo,10.8,14,0,44,0,1,0,0,1,1.0,530044,43,0,0
ppo,12.5,7,1,45,0,1,1,0,1,0.9300000000000004,530045,43,0,0
ppo,0.9999999999999997,9,0,46,0,1,0,0,0,0.16999999999999998,530046,43,0,0
ppo,3.2,11,0,47,0,1,0,0,0,0.45,530047,43,0,0
ppo,4.699999999999999,10,0,48,0,1,0,0,0,0.7000000000000002,530048,43,0,0
ppo,-0.30000000000000016,13,0,49,0,0,0,0,0,0.6500000000000001,530049,43,0,0
ppo,5.6,12,0,50,0,1,1,0,0,0.52,530050,43,0,0
ppo,9.499999999999998,14,0,51,0,1,1,0,1,0.8200000000000003,530051,43,0,0
ppo,6.3999999999999995,13,0,52,0,1,1,0,0,0.7500000000000002,530052,43,0,0
ppo,4.1,13,0,53,0,1,1,0,1,1.0,530053,43,0,0
ppo,5.699999999999999,10,0,54,0,1,1,0,1,1.0,530054,43,0,0
ppo,6.3,14,0,55,0,1,0,0,0,0.6700000000000002,530055,43,0,0
ppo,3.3000000000000007,14,0,56,0,1,1,0,1,1.0,530056,43,0,0
ppo,10.4,12,0,57,0,1,0,0,1,0.8500000000000003,530057,43,0,0
ppo,1.5,10,0,58,0,0,0,0,0,0.42999999999999994,530058,43,0,0
ppo,4.5,12,0,59,0,1,1,0,1,0.8900000000000003,530059,43,0,0
ppo,14.900000000000002,10,1,60,0,1,1,0,1,0.9900000000000004,530060,43,0,0
ppo,4.3999999999999995,14,0,61,0,1,0,0,0,0.51,530061,43,0,0
ppo,15.1,11,1,62,0,1,1,0,1,0.8300000000000003,530062,43,0,0
ppo,5.3999999999999995,10,0,63,0,1,1,0,1,1.0,530063,43,0,0
ppo,5.8999999999999995,11,0,64,0,1,1,0,1,0.6200000000000001,530064,43,0,0
ppo,6.4,11,0,65,0,1,1,0,1,0.8400000000000003,530065,43,0,0
ppo,13.8,9,1,66,0,1,1,0,1,0.7900000000000003,530066,43,0,0
ppo,5.1,11,0,67,0,1,1,0,1,1.0,530067,43,0,0
ppo,10.700000000000001,12,0,68,0,0,0,0,1,0.7500000000000002,530068,43,0,0
ppo,8.799999999999999,10,0,69,0,1,0,0,1,0.6500000000000001,530069,43,0,0
ppo,4.699999999999999,14,0,70,0,1,1,0,1,1.0,530070,43,0,0
ppo,1.7000000000000002,11,0,71,0,0,0,0,0,0.4,530071,43,0,0
ppo,4.8,13,0,72,0,1,1,0,0,0.38,530072,43,0,0
ppo,13.3,10,1,73,0,1,1,0,1,0.8600000000000003,530073,43,0,0
ppo,-0.8000000000000002,10,0,74,0,1,0,0,0,0.18,530074,43,0,0
ppo,1.6,12,0,75,0,1,1,0,0,0.6500000000000001,530075,43,0,0
ppo,0.5999999999999999,11,0,76,0,1,1,0,0,0.7100000000000002,530076,43,0,0
ppo,-1.3000000000000003,11,0,77,0,0,0,0,0,0.6000000000000001,530077,43,0,0
ppo,9.8,12,0,78,0,0,0,0,1,0.7600000000000002,530078,43,0,0
ppo,-4.500000000000001,14,0,79,0,0,0,0,0,0.31,530079,43,0,0
ppo,3.1999999999999997,13,0,80,0,1,1,0,0,0.31,530080,43,0,0
ppo,-0.30000000000000016,14,0,81,0,0,0,0,0,0.55,530081,43,0,0
ppo,4.8,14,0,82,0,0,0,0,0,0.35,530082,43,0,0
ppo,0.4999999999999999,10,0,83,0,0,0,0,0,0.21999999999999997,530083,43,0,0
ppo,5.0,14,0,84,0,1,0,0,0,0.6400000000000001,530084,43,0,0
ppo,5.0,10,0,85,0,1,0,0,0,0.49,530085,43,0,0
ppo,4.6,13,0,86,0,0,0,0,0,0.6800000000000002,530086,43,0,0
ppo,3.7000000000000006,11,0,87,0,1,1,0,0,0.5900000000000001,530087,43,0,0
ppo,7.8,14,0,88,0,1,0,0,1,0.8700000000000003,530088,43,0,0
ppo,6.6,13,0,89,0,1,1,0,1,0.7200000000000002,530089,43,0,0
ppo,3.000000000000001,14,0,90,0,1,1,0,1,0.9800000000000004,530090,43,0,0
ppo,8.7,12,0,91,0,1,1,0,1,0.6500000000000001,530091,43,0,0
ppo,4.3,10,0,92,0,0,0,0,0,0.7400000000000002,530092,43,0,0
ppo,4.4,14,0,93,0,1,0,0,0,0.6499999999999999,530093,43,0,0
ppo,14.0,10,1,94,0,0,0,0,1,0.6600000000000001,530094,43,0,0
ppo,4.799999999999999,10,0,95,0,1,1,0,1,0.7000000000000002,530095,43,0,0
ppo,1.2999999999999998,13,0,96,0,1,0,0,0,0.26999999999999996,530096,43,0,0
ppo,4.5,10,0,97,0,1,1,0,1,0.9900000000000002,530097,43,0,0
ppo,3.3000000000000003,13,0,98,0,1,0,0,0,0.25,530098,43,0,0
ppo,6.4,11,0,99,0,1,1,0,1,0.6400000000000001,530099,43,0,0
ppo,8.4,14,0,100,0,1,0,0,1,0.6700000000000002,530100,43,0,0
ppo,1.3000000000000003,11,0,101,0,0,0,0,1,0.6700000000000002,530101,43,0,0
ppo,3.8000000000000003,13,0,102,0,1,1,0,0,0.53,530102,43,0,0
ppo,2.2,11,0,103,0,1,1,0,1,0.5700000000000001,530103,43,0,0
ppo,-5.1000000000000005,9,0,104,0,0,0,0,0,0.21999999999999997,530104,43,0,0
ppo,8.299999999999999,12,0,105,0,1,0,0,1,0.8600000000000003,530105,43,0,0
ppo,4.2,14,0,106,0,1,1,0,1,1.0,530106,43,0,0
ppo,1.5999999999999996,13,0,107,0,1,1,0,0,0.6200000000000001,530107,43,0,0
ppo,-0.9,10,0,108,0,0,0,0,0,0.5900000000000001,530108,43,0,0
ppo,-3.3000000000000003,12,0,109,0,1,1,0,0,0.41,530109,43,0,0
ppo,4.5,14,0,110,0,0,0,0,0,0.54,530110,43,0,0
ppo,8.5,11,0,111,0,0,0,0,1,0.7900000000000003,530111,43,0,0
ppo,13.2,11,1,112,0,1,1,0,1,0.7900000000000003,530112,43,0,0
ppo,3.2000000000000006,11,0,113,0,1,1,0,0,0.33,530113,43,0,0
ppo,2.6,12,0,114,0,1,1,0,1,0.9700000000000004,530114,43,0,0
ppo,6.499999999999999,13,0,115,0,1,0,0,0,0.55,530115,43,0,0
ppo,3.0000000000000004,12,0,116,0,1,1,0,0,0.51,530116,43,0,0
ppo,6.300000000000001,14,0,117,0,1,0,0,1,0.5900000000000001,530117,43,0,0
ppo,4.9,12,0,118,0,1,1,0,0,0.8300000000000003,530118,43,0,0
ppo,0.7999999999999997,10,0,119,0,1,1,0,0,0.32999999999999996,530119,43,0,0
ppo,5.3,11,0,120,0,1,1,0,0,0.6400000000000001,530120,43,0,0
ppo,9.1,10,0,121,0,1,1,0,1,0.9800000000000004,530121,43,0,0
ppo,-1.2999999999999998,10,0,122,0,1,1,0,0,0.27,530122,43,0,0
ppo,0.29999999999999993,10,0,123,0,1,1,0,0,0.52,530123,43,0,0
ppo,-1.3000000000000003,10,0,124,0,1,1,0,0,0.34,530124,43,0,0
ppo,11.7,6,1,125,0,1,1,0,1,0.9200000000000004,530125,43,0,0
ppo,3.9,14,0,126,0,1,1,0,1,0.6100000000000001,530126,43,0,0
ppo,-0.4,10,0,127,0,1,1,0,0,0.6200000000000001,530127,43,0,0
ppo,4.499999999999999,12,0,128,0,1,1,0,1,0.8300000000000003,530128,43,0,0
ppo,7.800000000000001,14,0,129,0,1,0,0,1,1.0,530129,43,0,0
ppo,3.6,12,0,130,0,0,0,0,1,0.7800000000000002,530130,43,0,0
ppo,7.6,10,0,131,0,0,0,0,1,0.7600000000000002,530131,43,0,0
ppo,0.29999999999999993,13,0,132,0,1,0,0,0,0.39,530132,43,0,0
ppo,13.0,8,1,133,0,1,1,0,1,0.8300000000000003,530133,43,0,0
ppo,4.5,12,0,134,0,1,1,0,1,0.9200000000000004,530134,43,0,0
ppo,2.4999999999999996,14,0,135,0,0,0,0,0,0.34,530135,43,0,0
ppo,6.600000000000001,14,0,136,0,1,1,0,1,0.49,530136,43,0,0
ppo,3.2,10,0,137,0,0,0,0,0,0.34,530137,43,0,0
ppo,7.6000000000000005,13,0,138,0,1,0,0,1,1.0,530138,43,0,0
ppo,3.3000000000000003,13,0,139,0,0,0,0,0,0.45,530139,43,0,0
ppo,11.2,7,1,140,0,1,1,0,1,0.7000000000000002,530140,43,0,0
ppo,12.7,8,1,141,0,0,0,0,1,0.6900000000000002,530141,43,0,0
ppo,8.299999999999999,12,0,142,0,1,0,0,1,1.0,530142,43,0,0
ppo,4.3,11,0,143,0,1,0,0,0,0.6500000000000001,530143,43,0,0
ppo,7.9,13,0,144,0,1,1,0,1,0.6500000000000001,530144,43,0,0
ppo,12.4,10,1,145,0,0,0,0,1,0.8400000000000003,530145,43,0,0
ppo,2.9,11,0,146,0,1,1,0,0,0.6200000000000001,530146,43,0,0
ppo,-2.1,10,0,147,0,0,0,0,0,0.32,530147,43,0,0
ppo,3.1,10,0,148,0,1,0,0,0,0.43,530148,43,0,0
ppo,-2.1999999999999997,11,0,149,0,0,0,0,0,0.41,530149,43,0,0
ppo,3.300000000000001,14,0,150,0,1,1,0,0,0.6499999999999999,530150,43,0,0
ppo,5.8,14,0,151,0,1,1,0,0,0.6400000000000001,530151,43,0,0
ppo,6.7,14,0,152,0,1,0,0,0,0.5,530152,43,0,0
ppo,7.199999999999999,12,0,153,0,1,1,0,1,0.7900000000000003,530153,43,0,0
ppo,6.8999999999999995,11,0,154,0,1,1,0,0,0.6500000000000001,530154,43,0,0
ppo,3.9000000000000004,13,0,155,0,1,1,0,1,0.9100000000000004,530155,43,0,0
ppo,-1.2000000000000002,14,0,156,0,0,0,0,0,0.6300000000000001,530156,43,0,0
ppo,-1.0,12,0,157,0,1,1,0,0,0.6600000000000001,530157,43,0,0
ppo,2.6,10,0,158,0,1,1,0,0,0.55,530158,43,0,0
ppo,3.2000000000000006,11,0,159,0,1,0,0,0,0.72,530159,43,0,0
ppo,4.8,10,0,160,0,1,0,0,1,0.6600000000000001,530160,43,0,0
ppo,2.1999999999999997,14,0,161,0,1,1,0,1,0.9900000000000004,530161,43,0,0
ppo,-0.09999999999999998,13,0,162,0,1,0,0,0,0.42,530162,43,0,0
ppo,3.1999999999999997,13,0,163,0,1,1,0,0,0.48000000000000004,530163,43,0,0
ppo,0.6,14,0,164,0,1,1,0,0,0.55,530164,43,0,0
ppo,3.4999999999999996,14,0,165,0,1,1,0,1,0.6800000000000002,530165,43,0,0
ppo,0.9,12,0,166,0,1,1,0,1,0.56,530166,43,0,0
ppo,5.599999999999999,12,0,167,0,1,1,0,0,0.53,530167,43,0,0
ppo,7.199999999999999,12,0,168,0,1,1,0,1,0.8900000000000003,530168,43,0,0
ppo,0.6,13,0,169,0,1,1,0,0,0.56,530169,43,0,0
ppo,3.8000000000000003,11,0,170,0,1,1,0,1,0.8000000000000003,530170,43,0,0
ppo,4.799999999999999,12,0,171,0,0,0,0,1,1.0,530171,43,0,0
ppo,-3.6,14,0,172,0,1,1,0,0,0.33,530172,43,0,0
ppo,5.3,12,0,173,0,1,1,0,0,0.5800000000000001,530173,43,0,0
ppo,9.700000000000001,10,0,174,0,1,1,0,1,0.7100000000000002,530174,43,0,0
ppo,3.0000000000000004,11,0,175,0,0,0,0,0,0.55,530175,43,0,0
ppo,8.6,12,0,176,0,1,0,0,1,0.8600000000000003,530176,43,0,0
ppo,4.699999999999999,12,0,177,0,1,1,0,0,0.52,530177,43,0,0
ppo,3.7000000000000006,14,0,178,0,1,0,0,0,0.7000000000000002,530178,43,0,0
ppo,4.199999999999999,11,0,179,0,0,0,0,0,0.5800000000000001,530179,43,0,0
ppo,7.1,13,0,180,0,1,1,0,1,0.7900000000000003,530180,43,0,0
ppo,0.29999999999999993,10,0,181,0,1,1,0,0,0.51,530181,43,0,0
ppo,4.2,13,0,182,0,0,0,0,0,0.53,530182,43,0,0
ppo,-0.5000000000000003,10,0,183,0,1,1,0,0,0.35000000000000003,530183,43,0,0
ppo,-1.3000000000000003,7,0,184,0,1,0,0,0,0.20999999999999996,530184,43,0,0
ppo,10.700000000000001,12,0,185,0,1,1,0,1,0.8800000000000003,530185,43,0,0
ppo,5.999999999999999,11,0,186,0,1,1,0,1,0.9200000000000004,530186,43,0,0
ppo,9.2,12,0,187,0,1,0,0,1,0.8800000000000003,530187,43,0,0
ppo,4.5,13,0,188,0,1,1,0,0,0.38,530188,43,0,0
ppo,3.0,13,0,189,0,0,0,0,0,0.4,530189,43,0,0
ppo,-0.30000000000000016,13,0,190,0,0,0,0,0,0.51,530190,43,0,0
ppo,7.3999999999999995,14,0,191,0,1,0,0,1,0.9200000000000004,530191,43,0,0
ppo,6.300000000000001,14,0,192,0,1,1,0,1,0.39,530192,43,0,0
ppo,-2.6,14,0,193,0,1,1,0,0,0.26,530193,43,0,0
ppo,9.2,14,0,194,0,1,1,0,1,0.6100000000000001,530194,43,0,0
ppo,-2.3000000000000003,14,0,195,0,1,1,0,0,0.43,530195,43,0,0
ppo,4.8,11,0,196,0,1,1,0,1,0.9500000000000004,530196,43,0,0
ppo,13.0,8,1,197,0,1,1,0,1,0.8200000000000003,530197,43,0,0
ppo,-4.5,14,0,198,0,0,0,0,0,0.37,530198,43,0,0
ppo,2.6,11,0,199,0,1,1,0,0,0.6200000000000001,530199,43,0,0
random,5.200000000000001,13,0,0,0,0,0,0,1,0.71,540000,44,0,0
random,0.5,3,0,1,0,1,0,0,0,0.6100000000000001,540001,44,0,0
random,1.7999999999999998,3,0,2,0,1,0,0,0,0.5800000000000001,540002,44,0,0
random,-1.9,9,0,3,0,1,1,0,0,0.49999999999999983,540003,44,0,0
random,5.200000000000001,12,0,4,0,1,1,0,1,0.7100000000000002,540004,44,0,0
random,4.5,12,0,5,0,1,1,0,1,0.8600000000000001,540005,44,0,0
random,3.1,5,0,6,0,0,0,0,1,0.5800000000000001,540006,44,0,0
random,4.499999999999999,11,0,7,0,1,1,0,1,1.0,540007,44,0,0
random,6.0,14,0,8,0,1,1,0,1,0.7600000000000002,540008,44,0,0
random,1.7999999999999998,3,0,9,0,0,0,0,0,0.72,540009,44,0,0
random,1.2,2,0,10,0,1,0,0,0,0.74,540010,44,0,0
random,6.4,11,0,11,0,1,1,0,1,0.47000000000000003,540011,44,0,0
random,0.7,5,0,12,0,0,0,0,0,0.52,540012,44,0,0
random,5.2,12,0,13,0,0,0,0,0,0.79,540013,44,0,0
random,2.3,13,0,14,0,0,0,0,0,0.6700000000000002,540014,44,0,0
random,1.9999999999999996,9,0,15,0,1,1,0,0,0.55,540015,44,0,0
random,1.6999999999999997,10,0,16,0,1,1,0,0,0.53,540016,44,0,0
random,3.0,9,0,17,0,1,0,0,0,0.52,540017,44,0,0
random,3.9,11,0,18,0,0,0,0,0,0.6300000000000001,540018,44,0,0
random,0.7999999999999999,7,0,19,0,1,1,0,0,0.4,540019,44,0,0
random,0.6,1,0,20,0,1,0,0,0,0.5800000000000001,540020,44,0,0
random,0.09999999999999998,6,0,21,0,1,1,0,0,0.32,540021,44,0,0
random,3.6,8,0,22,0,1,0,0,1,0.7700000000000002,540022,44,0,0
random,6.299999999999999,13,0,23,0,1,1,0,1,1.0,540023,44,0,0
random,0.6,1,0,24,0,1,0,0,0,0.6399999999999999,540024,44,0,0
random,1.7000000000000002,4,0,25,0,0,0,0,0,0.48,540025,44,0,0
random,4.6,10,0,26,0,1,1,0,1,0.8800000000000003,540026,44,0,0
random,1.9,8,0,27,0,1,1,0,0,0.51,540027,44,0,0
random,0.6,1,0,28,0,0,0,0,0,0.54,540028,44,0,0
random,0.8999999999999999,2,0,29,0,1,0,0,0,0.5,540029,44,0,0
random,4.3,12,0,30,0,0,0,0,0,0.8,540030,44,0,0
random,2.1,5,0,31,0,1,1,0,0,0.53,540031,44,0,0
random,2.1,4,0,32,0,1,1,0,0,0.53,540032,44,0,0
random,6.200000000000001,12,0,33,0,1,0,0,1,0.5900000000000001,540033,44,0,0
random,3.3000000000000003,4,0,34,0,1,0,0,1,0.6400000000000001,540034,44,0,0
random,1.7999999999999998,5,0,35,0,1,0,0,0,0.6700000000000002,540035,44,0,0
random,5.199999999999999,10,0,36,0,1,1,0,1,0.7800000000000002,540036,44,0,0
random,4.699999999999998,12,0,37,0,1,1,0,1,1.0,540037,44,0,0
random,1.6,12,0,38,0,0,0,0,0,0.5800000000000001,540038,44,0,0
random,2.8,12,0,39,0,1,1,0,0,0.5900000000000001,540039,44,0,0
random,0.6,1,0,40,0,0,0,0,0,0.6000000000000001,540040,44,0,0
random,6.999999999999998,13,0,41,0,1,1,0,1,0.9900000000000004,540041,44,0,0
random,5.1,6,0,42,0,1,1,0,1,0.9300000000000002,540042,44,0,0
random,6.499999999999999,11,0,43,0,1,0,0,1,1.0,540043,44,0,0
random,2.1,3,0,44,0,1,0,0,0,0.56,540044,44,0,0
random,4.1,11,0,45,0,1,1,0,1,0.5800000000000001,540045,44,0,0
random,7.3999999999999995,14,0,46,0,1,1,0,1,1.0,540046,44,0,0
random,0.5,3,0,47,0,1,1,0,0,0.6000000000000001,540047,44,0,0
random,2.4,4,0,48,0,0,0,0,0,0.54,540048,44,0,0
random,0.10000000000000009,6,0,49,0,1,1,0,0,0.36,540049,44,0,0
random,3.9000000000000004,5,0,50,0,1,1,0,1,0.7100000000000002,540050,44,0,0
random,3.3306690738754696e-16,14,0,51,0,1,1,0,0,0.22999999999999998,540051,44,0,0
random,6.599999999999999,14,0,52,0,1,0,0,1,1.0,540052,44,0,0
random,3.6,10,0,53,0,1,1,0,1,0.5800000000000001,540053,44,0,0
random,1.4,2,0,54,0,0,0,0,0,0.6100000000000001,540054,44,0,0
random,3.5,9,0,55,0,1,1,0,1,0.8500000000000001,540055,44,0,0
random,0.7,11,0,56,0,1,1,0,0,0.39,540056,44,0,0
random,0.8999999999999999,11,0,57,0,1,1,0,0,0.56,540057,44,0,0
random,0.6,1,0,58,0,1,0,0,0,0.5900000000000001,540058,44,0,0
random,0.09999999999999987,6,0,59,0,1,1,0,0,0.5800000000000001,540059,44,0,0
random,2.4000000000000004,6,0,60,0,1,1,0,0,0.6900000000000002,540060,44,0,0
random,1.2,2,0,61,0,1,0,0,0,0.56,540061,44,0,0
random,5.2,11,0,62,0,1,1,0,1,0.7400000000000002,540062,44,0,0
random,4.2,6,0,63,0,1,0,0,1,0.8700000000000001,540063,44,0,0
random,2.6,5,0,64,0,0,0,0,0,0.79,540064,44,0,0
random,3.6,6,0,65,0,1,0,0,0,0.43,540065,44,0,0
random,-0.4,9,0,66,0,0,0,0,0,0.19,540066,44,0,0
random,2.8,11,0,67,0,1,1,0,0,0.6399999999999999,540067,44,0,0
random,2.0,3,0,68,0,1,0,0,0,0.78,540068,44,0,0
random,-0.4,10,0,69,0,1,1,0,0,0.33,540069,44,0,0
random,5.4,11,0,70,0,1,1,0,1,0.7300000000000002,540070,44,0,0
random,4.5,8,0,71,0,1,1,0,1,0.7000000000000002,540071,44,0,0
random,5.999999999999998,10,0,72,0,1,1,0,1,0.7400000000000002,540072,44,0,0
random,2.1,4,0,73,0,1,0,0,0,0.72,540073,44,0,0
random,3.1,7,0,74,0,0,0,0,0,0.8,540074,44,0,0
random,2.4,4,0,75,0,1,0,0,0,0.6500000000000001,540075,44,0,0
random,3.0999999999999996,12,0,76,0,1,1,0,1,0.8800000000000003,540076,44,0,0
random,3.6,4,0,77,0,0,0,0,1,0.8100000000000003,540077,44,0,0
random,0.6,1,0,78,0,1,0,0,0,0.41000000000000003,540078,44,0,0
random,1.4,2,0,79,0,1,0,0,0,0.55,540079,44,0,0
random,5.799999999999999,12,0,80,0,1,1,0,1,1.0,540080,44,0,0
random,4.499999999999999,7,0,81,0,1,1,0,0,0.78,540081,44,0,0
random,1.8999999999999995,12,0,82,0,1,1,0,1,0.7100000000000002,540082,44,0,0
random,5.1,12,0,83,0,1,1,0,0,0.6500000000000001,540083,44,0,0
random,8.499999999999998,14,0,84,0,1,1,0,1,0.8700000000000003,540084,44,0,0
random,5.600000000000001,10,0,85,0,1,1,0,1,0.6800000000000002,540085,44,0,0
random,1.4,3,0,86,0,1,0,0,0,0.54,540086,44,0,0
random,4.499999999999998,13,0,87,0,0,0,0,1,0.7400000000000002,540087,44,0,0
random,5.8,13,0,88,0,1,1,0,0,0.5800000000000001,540088,44,0,0
random,2.7,6,0,89,0,1,0,0,1,0.5900000000000001,540089,44,0,0
random,5.5,12,0,90,0,1,0,0,1,0.6300000000000001,540090,44,0,0
random,4.8,10,0,91,0,0,0,0,1,0.5800000000000001,540091,44,0,0
random,4.3999999999999995,11,0,92,0,1,1,0,1,0.6500000000000001,540092,44,0,0
random,1.2,2,0,93,0,1,0,0,0,0.6599999999999999,540093,44,0,0
random,4.499999999999999,8,0,94,0,0,0,0,1,0.9300000000000004,540094,44,0,0
random,0.6,1,0,95,0,1,0,0,0,0.37,540095,44,0,0
random,0.6,1,0,96,0,1,0,0,0,0.6399999999999999,540096,44,0,0
random,1.7999999999999998,3,0,97,0,1,1,0,0,0.55,540097,44,0,0
random,0.8999999999999999,7,0,98,0,1,1,0,0,0.46,540098,44,0,0
random,-0.4,13,0,99,0,1,1,0,0,0.48,540099,44,0,0
random,5.9,13,0,100,0,1,1,0,1,0.72,540100,44,0,0
random,0.6,1,0,101,0,1,0,0,0,0.49,540101,44,0,0
random,1.2999999999999998,4,0,102,0,1,1,0,0,0.47000000000000003,540102,44,0,0
random,5.099999999999999,13,0,103,0,1,1,0,1,0.6500000000000001,540103,44,0,0
random,3.3000000000000003,12,0,104,0,1,0,0,0,0.6900000000000002,540104,44,0,0
random,1.1102230246251565e-16,11,0,105,0,1,1,0,0,0.5,540105,44,0,0
random,-0.20000000000000007,6,0,106,0,1,0,0,0,0.4,540106,44,0,0
random,2.0,3,0,107,0,1,0,0,0,0.7700000000000002,540107,44,0,0
random,0.6,1,0,108,0,0,0,0,0,0.49,540108,44,0,0
random,5.6,14,0,109,0,1,1,0,1,0.8900000000000003,540109,44,0,0
random,1.2,3,0,110,0,0,0,0,0,0.4,540110,44,0,0
random,5.0,10,0,111,0,0,0,0,1,0.7200000000000002,540111,44,0,0
random,5.8999999999999995,8,0,112,0,1,1,0,1,0.8900000000000003,540112,44,0,0
random,4.6,10,0,113,0,1,1,0,1,0.6600000000000001,540113,44,0,0
random,4.699999999999999,7,0,114,0,1,0,0,1,0.7300000000000002,540114,44,0,0
random,7.1,12,0,115,0,1,1,0,1,0.8700000000000003,540115,44,0,0
random,5.099999999999999,11,0,116,0,1,1,0,0,0.5900000000000001,540116,44,0,0
random,0.6,1,0,117,0,1,0,0,0,0.52,540117,44,0,0
random,3.1999999999999997,14,0,118,0,1,1,0,0,0.32,540118,44,0,0
random,2.3000000000000003,5,0,119,0,1,1,0,0,0.5800000000000001,540119,44,0,0
random,5.3999999999999995,8,0,120,0,1,1,0,1,0.7800000000000002,540120,44,0,0
random,-0.7000000000000001,7,0,121,0,1,0,0,0,0.34,540121,44,0,0
random,1.9000000000000004,7,0,122,0,1,1,0,0,0.6100000000000001,540122,44,0,0
random,-0.4,2,0,123,0,0,0,0,0,0.45,540123,44,0,0
random,5.3999999999999995,14,0,124,0,1,1,0,1,0.8200000000000003,540124,44,0,0
random,0.6,1,0,125,0,1,0,0,0,0.52,540125,44,0,0
random,2.6,4,0,126,0,0,0,0,0,0.6800000000000002,540126,44,0,0
random,1.2,3,0,127,0,1,0,0,0,0.54,540127,44,0,0
random,0.6000000000000001,12,0,128,0,0,0,0,0,0.26999999999999996,540128,44,0,0
random,3.7000000000000006,11,0,129,0,1,1,0,0,0.5,540129,44,0,0
random,0.6,1,0,130,0,1,0,0,0,0.6100000000000001,540130,44,0,0
random,1.7999999999999998,3,0,131,0,1,0,0,0,0.7600000000000002,540131,44,0,0
random,-0.9,4,0,132,0,0,0,0,0,0.49000000000000005,540132,44,0,0
random,6.5,12,0,133,0,1,1,0,1,0.7600000000000002,540133,44,0,0
random,2.3,4,0,134,0,1,0,0,0,0.51,540134,44,0,0
random,0.6,1,0,135,0,1,0,0,0,0.56,540135,44,0,0
random,2.8000000000000003,10,0,136,0,1,1,0,1,0.6200000000000001,540136,44,0,0
random,0.4,10,0,137,0,0,0,0,0,0.25,540137,44,0,0
random,0.5999999999999999,6,0,138,0,1,1,0,0,0.6399999999999999,540138,44,0,0
random,5.8999999999999995,12,0,139,0,1,1,0,1,0.8700000000000003,540139,44,0,0
random,0.8999999999999999,2,0,140,0,1,0,0,0,0.47000000000000003,540140,44,0,0
random,0.6,1,0,141,0,1,0,0,0,0.5900000000000001,540141,44,0,0
random,2.9,10,0,142,0,1,1,0,0,0.6800000000000002,540142,44,0,0
random,-2.0,10,0,143,0,0,0,0,0,0.20999999999999996,540143,44,0,0
random,-2.1999999999999997,4,0,144,0,0,0,0,0,0.21999999999999997,540144,44,0,0
random,2.8000000000000003,5,0,145,0,1,1,0,0,0.73,540145,44,0,0
random,5.199999999999999,13,0,146,0,1,1,0,1,0.7900000000000003,540146,44,0,0
random,3.0999999999999996,10,0,147,0,1,1,0,1,0.7600000000000002,540147,44,0,0
random,5.999999999999999,11,0,148,0,1,0,0,1,0.9700000000000004,540148,44,0,0
random,4.8,9,0,149,0,1,1,0,1,0.8200000000000003,540149,44,0,0
random,3.1,4,0,150,0,1,0,0,1,0.6500000000000001,540150,44,0,0
random,5.8999999999999995,10,0,151,0,1,0,0,1,0.7700000000000002,540151,44,0,0
random,3.6999999999999997,12,0,152,0,1,1,0,1,0.6400000000000001,540152,44,0,0
random,0.6,1,0,153,0,1,0,0,0,0.38,540153,44,0,0
random,0.5,3,0,154,0,0,0,0,0,0.4,540154,44,0,0
random,0.8,4,0,155,0,1,1,0,0,0.44,540155,44,0,0
random,1.7000000000000002,4,0,156,0,1,0,0,0,0.45,540156,44,0,0
random,0.19999999999999996,3,0,157,0,1,0,0,0,0.54,540157,44,0,0
random,6.799999999999999,13,0,158,0,1,1,0,1,0.8700000000000001,540158,44,0,0
random,4.799999999999999,10,0,159,0,1,0,0,1,1.0,540159,44,0,0
random,3.2,5,0,160,0,1,1,0,0,0.6500000000000001,540160,44,0,0
random,0.6,1,0,161,0,0,0,0,0,0.54,540161,44,0,0
random,2.9,13,0,162,0,1,1,0,1,0.7900000000000003,540162,44,0,0
random,5.199999999999999,11,0,163,0,1,0,0,1,0.9600000000000004,540163,44,0,0
random,4.7,10,0,164,0,1,1,0,1,0.8800000000000003,540164,44,0,0
random,5.3,7,0,165,0,1,1,0,1,0.8500000000000001,540165,44,0,0
random,2.0,3,0,166,0,1,1,0,0,0.7000000000000002,540166,44,0,0
random,4.8,7,0,167,0,1,1,0,1,0.8500000000000003,540167,44,0,0
random,8.2,13,0,168,0,1,1,0,1,0.6000000000000001,540168,44,0,0
random,5.4,10,0,169,0,1,1,0,1,0.8500000000000001,540169,44,0,0
random,1.7999999999999998,4,0,170,0,0,0,0,0,0.5900000000000001,540170,44,0,0
random,3.8,12,0,171,0,1,0,0,0,0.38,540171,44,0,0
random,4.8,8,0,172,0,1,1,0,1,0.6500000000000001,540172,44,0,0
random,2.6,4,0,173,0,1,1,0,0,0.7500000000000002,540173,44,0,0
random,-0.20000000000000007,2,0,174,0,1,0,0,0,0.41,540174,44,0,0
random,7.499999999999998,12,0,175,0,1,1,0,1,0.8700000000000001,540175,44,0,0
random,7.5,10,0,176,0,1,1,0,1,0.7500000000000002,540176,44,0,0
random,6.7,13,0,177,0,1,0,0,1,0.6300000000000001,540177,44,0,0
random,5.1,11,0,178,0,0,0,0,1,0.7200000000000002,540178,44,0,0
random,3.9,14,0,179,0,1,1,0,1,0.5900000000000001,540179,44,0,0
random,4.1,10,0,180,0,1,1,0,1,0.7500000000000002,540180,44,0,0
random,-3.0000000000000004,13,0,181,0,1,1,0,0,0.24,540181,44,0,0
random,1.7999999999999998,12,0,182,0,0,0,0,0,0.48000000000000004,540182,44,0,0
random,-0.7999999999999999,4,0,183,0,1,0,0,0,0.49999999999999994,540183,44,0,0
random,-0.7000000000000001,10,0,184,0,0,0,0,0,0.56,540184,44,0,0
random,0.6,1,0,185,0,1,0,0,0,0.6699999999999999,540185,44,0,0
random,-0.6,5,0,186,0,0,0,0,0,0.51,540186,44,0,0
random,2.8,3,0,187,0,0,0,0,1,0.81,540187,44,0,0
random,1.7999999999999998,4,0,188,0,1,0,0,0,0.5,540188,44,0,0
random,2.3000000000000003,13,0,189,0,1,1,0,0,0.48,540189,44,0,0
random,2.3000000000000003,5,0,190,0,1,1,0,0,0.6600000000000001,540190,44,0,0
random,0.8999999999999999,2,0,191,0,1,0,0,0,0.6200000000000001,540191,44,0,0
random,5.6,10,0,192,0,1,1,0,1,0.8300000000000003,540192,44,0,0
random,1.7000000000000002,3,0,193,0,1,1,0,0,0.6300000000000001,540193,44,0,0
random,3.6999999999999997,5,0,194,0,1,0,0,1,0.8300000000000003,540194,44,0,0
random,0.8999999999999998,12,0,195,0,1,1,0,0,0.6399999999999999,540195,44,0,0
random,0.49999999999999994,5,0,196,0,1,0,0,0,0.39,540196,44,0,0
random,3.4,4,0,197,0,1,0,0,1,0.7200000000000002,540197,44,0,0
random,5.3,13,0,198,0,1,1,0,1,0.7400000000000002,540198,44,0,0
random,4.199999999999999,12,0,199,0,1,1,0,1,0.6800000000000002,540199,44,0,0
rule,2.3,13,0,0,0,0,0,0,0,0.42999999999999994,540000,44,0,0
rule,5.699999999999998,12,0,1,0,1,0,0,1,0.8900000000000003,540001,44,0,0
rule,4.499999999999999,13,0,2,0,1,1,0,1,0.7900000000000003,540002,44,0,0
rule,4.799999999999999,14,0,3,0,1,1,0,1,1.0,540003,44,0,0
rule,3.8000000000000003,12,0,4,0,1,1,0,0,0.5700000000000001,540004,44,0,0
rule,4.699999999999999,12,0,5,0,1,1,0,1,1.0,540005,44,0,0
rule,0.7000000000000001,10,0,6,0,0,0,0,0,0.44,540006,44,0,0
rule,3.0,11,0,7,0,1,0,0,1,1.0,540007,44,0,0
rule,5.000000000000001,14,0,8,0,1,1,0,0,0.6200000000000001,540008,44,0,0
rule,8.3,12,0,9,0,0,0,0,1,0.8600000000000001,540009,44,0,0
rule,7.2,12,0,10,0,1,1,0,1,0.9500000000000002,540010,44,0,0
rule,3.8000000000000003,12,0,11,0,1,1,0,0,0.4,540011,44,0,0
rule,3.1,14,0,12,0,0,0,0,0,0.52,540012,44,0,0
rule,3.7000000000000006,12,0,13,0,0,0,0,0,0.6499999999999999,540013,44,0,0
rule,12.7,8,1,14,0,0,0,0,1,0.8800000000000003,540014,44,0,0
rule,5.1,13,0,15,0,1,1,0,0,0.6200000000000001,540015,44,0,0
rule,8.799999999999999,14,0,16,0,1,1,0,1,0.8800000000000003,540016,44,0,0
rule,-3.4999999999999996,14,0,17,0,1,0,0,0,0.16999999999999998,540017,44,0,0
rule,4.2,11,0,18,0,0,0,0,0,0.49,540018,44,0,0
rule,2.7000000000000006,13,0,19,0,1,1,0,0,0.47000000000000003,540019,44,0,0
rule,6.699999999999999,10,0,20,0,1,1,0,1,0.7900000000000003,540020,44,0,0
rule,13.299999999999999,9,1,21,0,1,1,0,1,0.6700000000000002,540021,44,0,0
rule,-1.9,11,0,22,0,1,0,0,0,0.49000000000000005,540022,44,0,0
rule,10.399999999999999,5,1,23,0,1,1,0,1,0.8100000000000003,540023,44,0,0
rule,4.3,12,0,24,0,1,1,0,1,0.71,540024,44,0,0
rule,0.7,11,0,25,0,0,0,0,0,0.55,540025,44,0,0
rule,8.7,13,0,26,0,1,1,0,1,0.9500000000000004,540026,44,0,0
rule,2.9000000000000004,14,0,27,0,1,1,0,1,0.6500000000000001,540027,44,0,0
rule,0.7,11,0,28,0,0,0,0,0,0.6100000000000001,540028,44,0,0
rule,4.499999999999999,11,0,29,0,1,0,0,1,0.9200000000000004,540029,44,0,0
rule,13.7,10,1,30,0,0,0,0,1,0.9400000000000002,540030,44,0,0
rule,7.699999999999999,10,0,31,0,1,1,0,1,0.8100000000000003,540031,44,0,0
rule,-0.6,13,0,32,0,1,0,0,0,0.46,540032,44,0,0
rule,8.5,12,0,33,0,1,1,0,1,0.6600000000000001,540033,44,0,0
rule,5.1,10,0,34,0,1,1,0,1,0.6400000000000001,540034,44,0,0
rule,6.9,14,0,35,0,1,1,0,1,0.7400000000000002,540035,44,0,0
rule,-0.9,10,0,36,0,1,0,0,0,0.5,540036,44,0,0
rule,5.1,14,0,37,0,1,1,0,1,1.0,540037,44,0,0
rule,12.2,7,1,38,0,0,0,0,1,0.7200000000000002,540038,44,0,0
rule,2.4,12,0,39,0,1,0,0,0,0.45,540039,44,0,0
rule,-2.1999999999999997,13,0,40,0,0,0,0,0,0.46,540040,44,0,0
rule,10.2,7,1,41,0,1,1,0,1,0.8500000000000003,540041,44,0,0
rule,8.1,13,0,42,0,1,1,0,1,0.79,540042,44,0,0
rule,7.799999999999999,11,0,43,0,1,1,0,1,0.8300000000000003,540043,44,0,0
rule,3.0,10,0,44,0,1,0,0,1,1.0,540044,44,0,0
rule,5.699999999999998,13,0,45,0,1,0,0,1,0.7900000000000003,540045,44,0,0
rule,11.0,8,1,46,0,1,1,0,1,0.9500000000000004,540046,44,0,0
rule,-2.9,13,0,47,0,1,0,0,0,0.53,540047,44,0,0
rule,4.799999999999999,10,0,48,0,0,0,0,1,0.7500000000000002,540048,44,0,0
rule,-2.1999999999999997,10,0,49,0,1,1,0,0,0.21999999999999997,540049,44,0,0
rule,6.999999999999999,14,0,50,0,1,1,0,1,0.7800000000000002,540050,44,0,0
rule,11.5,8,1,51,0,1,1,0,1,0.6500000000000001,540051,44,0,0
rule,5.099999999999999,14,0,52,0,1,0,0,1,1.0,540052,44,0,0
rule,5.300000000000001,10,0,53,0,1,1,0,1,0.51,540053,44,0,0
rule,-0.6000000000000002,11,0,54,0,0,0,0,0,0.18999999999999995,540054,44,0,0
rule,-1.3000000000000003,11,0,55,0,1,0,0,0,0.71,540055,44,0,0
rule,2.600000000000001,11,0,56,0,1,0,0,0,0.39,540056,44,0,0
rule,6.700000000000001,11,0,57,0,1,1,0,1,0.8400000000000003,540057,44,0,0
rule,6.8999999999999995,10,0,58,0,1,1,0,1,0.8700000000000003,540058,44,0,0
rule,5.699999999999998,13,0,59,0,1,0,0,1,1.0,540059,44,0,0
rule,4.3,13,0,60,0,1,1,0,0,0.6200000000000001,540060,44,0,0
rule,-3.1999999999999997,10,0,61,0,1,0,0,0,0.35000000000000003,540061,44,0,0
rule,3.1999999999999997,13,0,62,0,1,1,0,0,0.53,540062,44,0,0
rule,4.799999999999999,13,0,63,0,1,0,0,1,1.0,540063,44,0,0
rule,11.1,6,1,64,0,0,0,0,1,0.9300000000000002,540064,44,0,0
rule,6.799999999999999,12,0,65,0,1,1,0,1,0.6400000000000001,540065,44,0,0
rule,7.999999999999999,11,0,66,0,0,0,0,1,0.6100000000000001,540066,44,0,0
rule,7.299999999999999,11,0,67,0,1,1,0,1,0.78,540067,44,0,0
rule,8.5,13,0,68,0,1,1,0,1,0.9900000000000002,540068,44,0,0
rule,-0.5000000000000001,10,0,69,0,1,1,0,0,0.19,540069,44,0,0
rule,8.700000000000001,11,0,70,0,1,1,0,1,0.8700000000000003,540070,44,0,0
rule,1.0,11,0,71,0,1,0,0,0,0.6300000000000001,540071,44,0,0
rule,4.499999999999999,12,0,72,0,1,0,0,1,1.0,540072,44,0,0
rule,4.8,13,0,73,0,1,1,0,0,0.7900000000000003,540073,44,0,0
rule,4.0,12,0,74,0,0,0,0,0,0.8,540074,44,0,0
rule,4.8,14,0,75,0,1,1,0,0,0.6500000000000001,540075,44,0,0
rule,-1.3000000000000003,12,0,76,0,1,0,0,0,0.6700000000000002,540076,44,0,0
rule,2.5999999999999996,12,0,77,0,0,0,0,1,0.8800000000000003,540077,44,0,0
rule,-2.5,6,0,78,0,1,0,0,0,0.2,540078,44,0,0
rule,4.799999999999999,12,0,79,0,1,0,0,1,0.9700000000000004,540079,44,0,0
rule,7.799999999999999,12,0,80,0,1,1,0,1,1.0,540080,44,0,0
rule,3.9999999999999996,13,0,81,0,1,1,0,0,0.6399999999999999,540081,44,0,0
rule,2.5999999999999996,14,0,82,0,1,1,0,1,0.7100000000000002,540082,44,0,0
rule,14.600000000000001,10,1,83,0,1,1,0,1,0.7900000000000003,540083,44,0,0
rule,7.199999999999999,14,0,84,0,1,1,0,1,0.7300000000000002,540084,44,0,0
rule,7.4,13,0,85,0,1,1,0,1,0.6100000000000001,540085,44,0,0
rule,5.399999999999999,11,0,86,0,1,1,0,1,0.9600000000000004,540086,44,0,0
rule,3.0,13,0,87,0,0,0,0,1,1.0,540087,44,0,0
rule,2.1999999999999997,13,0,88,0,1,1,0,0,0.44,540088,44,0,0
rule,-1.6,14,0,89,0,1,0,0,0,0.45,540089,44,0,0
rule,-1.3000000000000003,7,0,90,0,1,0,0,0,0.20999999999999996,540090,44,0,0
rule,0.7,10,0,91,0,0,0,0,0,0.51,540091,44,0,0
rule,2.9000000000000004,11,0,92,0,1,1,0,1,0.6500000000000001,540092,44,0,0
rule,1.1102230246251565e-16,12,0,93,0,1,0,0,0,0.8,540093,44,0,0
rule,2.4000000000000004,14,0,94,0,0,0,0,1,1.0,540094,44,0,0
rule,4.199999999999999,11,0,95,0,1,1,0,1,0.7200000000000002,540095,44,0,0
rule,4.199999999999999,12,0,96,0,1,0,0,1,1.0,540096,44,0,0
rule,9.7,7,1,97,0,1,1,0,1,0.7600000000000002,540097,44,0,0
rule,5.2,13,0,98,0,1,0,0,0,0.46,540098,44,0,0
rule,-3.1999999999999997,13,0,99,0,1,0,0,0,0.33999999999999997,540099,44,0,0
rule,3.4,13,0,100,0,1,1,0,0,0.6500000000000001,540100,44,0,0
rule,-2.3000000000000003,14,0,101,0,1,1,0,0,0.42000000000000004,540101,44,0,0
rule,11.2,7,1,102,0,1,1,0,1,0.6800000000000002,540102,44,0,0
rule,-2.9,13,0,103,0,1,0,0,0,0.3,540103,44,0,0
rule,3.7000000000000006,13,0,104,0,1,1,0,0,0.6200000000000001,540104,44,0,0
rule,-1.9,11,0,105,0,1,0,0,0,0.43,540105,44,0,0
rule,-1.9,10,0,106,0,1,0,0,0,0.33,540106,44,0,0
rule,1.6,12,0,107,0,1,0,0,1,0.9100000000000004,540107,44,0,0
rule,13.2,11,1,108,0,0,0,0,1,0.7700000000000002,540108,44,0,0
rule,10.2,12,1,109,0,1,1,0,1,0.8900000000000003,540109,44,0,0
rule,3.8999999999999995,13,0,110,0,0,0,0,1,0.8900000000000003,540110,44,0,0
rule,3.400000000000001,10,0,111,0,0,0,0,0,0.5800000000000001,540111,44,0,0
rule,8.1,13,0,112,0,1,1,0,1,0.8900000000000003,540112,44,0,0
rule,3.8000000000000003,10,0,113,0,1,1,0,0,0.52,540113,44,0,0
rule,3.8000000000000003,13,0,114,0,1,1,0,0,0.6600000000000001,540114,44,0,0
rule,13.0,10,1,115,0,1,1,0,1,0.8000000000000003,540115,44,0,0
rule,7.499999999999999,11,0,116,0,1,1,0,1,0.8000000000000003,540116,44,0,0
rule,10.299999999999999,8,1,117,0,1,1,0,1,0.8000000000000003,540117,44,0,0
rule,5.5,14,0,118,0,1,1,0,0,0.46,540118,44,0,0
rule,0.5999999999999996,12,0,119,0,1,1,0,0,0.5800000000000001,540119,44,0,0
rule,1.2999999999999998,13,0,120,0,1,0,0,0,0.7100000000000002,540120,44,0,0
rule,-2.5,6,0,121,0,1,0,0,0,0.2,540121,44,0,0
rule,-2.1999999999999997,12,0,122,0,1,0,0,0,0.33,540122,44,0,0
rule,4.199999999999999,14,0,123,0,0,0,0,1,1.0,540123,44,0,0
rule,-1.0,14,0,124,0,1,1,0,0,0.54,540124,44,0,0
rule,5.5,12,0,125,0,1,1,0,1,0.8700000000000003,540125,44,0,0
rule,4.5,11,0,126,0,0,0,0,0,0.7500000000000002,540126,44,0,0
rule,-3.4999999999999996,14,0,127,0,1,0,0,0,0.26,540127,44,0,0
rule,1.5,12,0,128,0,0,0,0,0,0.26999999999999996,540128,44,0,0
rule,6.699999999999999,11,0,129,0,1,1,0,1,0.7100000000000002,540129,44,0,0
rule,3.499999999999999,14,0,130,0,1,1,0,1,1.0,540130,44,0,0
rule,4.3,12,0,131,0,1,1,0,0,0.7600000000000002,540131,44,0,0
rule,0.19999999999999984,12,0,132,0,0,0,0,0,0.35000000000000003,540132,44,0,0
rule,8.0,12,0,133,0,1,1,0,1,0.7600000000000002,540133,44,0,0
rule,-2.5,10,0,134,0,1,0,0,0,0.22999999999999998,540134,44,0,0
rule,5.999999999999999,11,0,135,0,1,1,0,1,0.7000000000000002,540135,44,0,0
rule,-2.9,10,0,136,0,1,0,0,0,0.41,540136,44,0,0
rule,1.7999999999999998,10,0,137,0,0,0,0,0,0.25,540137,44,0,0
rule,-0.7000000000000003,10,0,138,0,1,1,0,0,0.71,540138,44,0,0
rule,7.699999999999999,12,0,139,0,1,1,0,1,0.8700000000000003,540139,44,0,0
rule,-1.9,10,0,140,0,1,0,0,0,0.4,540140,44,0,0
rule,3.8000000000000003,10,0,141,0,1,1,0,0,0.7300000000000002,540141,44,0,0
rule,0.4,10,0,142,0,1,0,0,0,0.54,540142,44,0,0
rule,-3.4999999999999996,10,0,143,0,0,0,0,0,0.20999999999999996,540143,44,0,0
rule,7.499999999999999,10,0,144,0,0,0,0,1,0.7100000000000002,540144,44,0,0
rule,1.7000000000000002,13,0,145,0,1,1,0,0,0.6600000000000001,540145,44,0,0
rule,13.5,11,1,146,0,1,1,0,1,0.8600000000000003,540146,44,0,0
rule,12.2,7,1,147,0,1,1,0,1,0.8300000000000003,540147,44,0,0
rule,-1.9,11,0,148,0,1,0,0,0,0.55,540148,44,0,0
rule,8.3,12,0,149,0,1,1,0,1,0.6800000000000002,540149,44,0,0
rule,9.4,7,1,150,0,1,1,0,1,0.7200000000000002,540150,44,0,0
rule,2.7000000000000015,10,0,151,0,1,1,0,0,0.49000000000000005,540151,44,0,0
rule,6.4,12,0,152,0,1,1,0,1,0.6400000000000001,540152,44,0,0
rule,3.5000000000000004,12,0,153,0,1,1,0,0,0.38,540153,44,0,0
rule,2.3,13,0,154,0,0,0,0,0,0.26,540154,44,0,0
rule,3.6,12,0,155,0,1,1,0,0,0.6500000000000001,540155,44,0,0
rule,8.200000000000001,10,0,156,0,1,1,0,1,0.7300000000000002,540156,44,0,0
rule,0.4999999999999999,10,0,157,0,1,1,0,0,0.54,540157,44,0,0
rule,7.699999999999999,13,0,158,0,1,1,0,1,0.8700000000000003,540158,44,0,0
rule,-3.1999999999999997,11,0,159,0,1,0,0,0,0.49000000000000005,540159,44,0,0
rule,3.8999999999999995,12,0,160,0,1,0,0,1,1.0,540160,44,0,0
rule,-4.5,14,0,161,0,0,0,0,0,0.32999999999999996,540161,44,0,0
rule,1.8999999999999995,13,0,162,0,1,1,0,1,0.9300000000000004,540162,44,0,0
rule,3.3,11,0,163,0,1,0,0,1,1.0,540163,44,0,0
rule,6.199999999999999,10,0,164,0,1,1,0,1,0.9500000000000004,540164,44,0,0
rule,7.8999999999999995,12,0,165,0,1,1,0,1,0.9200000000000002,540165,44,0,0
rule,-0.6,10,0,166,0,1,0,0,0,0.6300000000000001,540166,44,0,0
rule,5.699999999999999,12,0,167,0,1,1,0,1,0.9900000000000004,540167,44,0,0
rule,6.9,13,0,168,0,1,1,0,1,0.6000000000000001,540168,44,0,0
rule,2.4,10,0,169,0,1,1,0,0,0.57,540169,44,0,0
rule,4.199999999999999,13,0,170,0,0,0,0,1,1.0,540170,44,0,0
rule,0.6,9,0,171,0,1,1,0,0,0.16999999999999998,540171,44,0,0
rule,1.8999999999999995,13,0,172,0,1,1,0,0,0.6500000000000001,540172,44,0,0
rule,5.399999999999999,10,0,173,0,1,1,0,1,0.9600000000000004,540173,44,0,0
rule,-3.5000000000000004,11,0,174,0,1,0,0,0,0.26999999999999996,540174,44,0,0
rule,4.1,12,0,175,0,1,1,0,0,0.8,540175,44,0,0
rule,5.6,10,0,176,0,1,1,0,0,0.6100000000000001,540176,44,0,0
rule,9.4,7,1,177,0,1,1,0,1,0.7000000000000002,540177,44,0,0
rule,0.7000000000000001,11,0,178,0,0,0,0,0,0.51,540178,44,0,0
rule,5.6,14,0,179,0,1,1,0,0,0.52,540179,44,0,0
rule,2.3,10,0,180,0,1,0,0,1,0.7500000000000002,540180,44,0,0
rule,12.799999999999999,12,1,181,0,1,1,0,1,0.6600000000000001,540181,44,0,0
rule,12.7,8,1,182,0,0,0,0,1,0.6200000000000001,540182,44,0,0
rule,1.1102230246251565e-16,11,0,183,0,1,0,0,0,0.78,540183,44,0,0
rule,-2.1999999999999997,10,0,184,0,0,0,0,0,0.42000000000000004,540184,44,0,0
rule,2.4,12,0,185,0,1,1,0,0,0.6000000000000001,540185,44,0,0
rule,4.199999999999999,14,0,186,0,0,0,0,1,1.0,540186,44,0,0
rule,3.6,12,0,187,0,0,0,0,1,0.9500000000000002,540187,44,0,0
rule,-0.6,14,0,188,0,1,0,0,0,0.5,540188,44,0,0
rule,4.8999999999999995,13,0,189,0,1,1,0,1,0.7600000000000002,540189,44,0,0
rule,5.999999999999999,13,0,190,0,1,1,0,1,1.0,540190,44,0,0
rule,-4.200000000000001,11,0,191,0,1,0,0,0,0.48000000000000004,540191,44,0,0
rule,6.300000000000001,10,0,192,0,1,1,0,1,0.6200000000000001,540192,44,0,0
rule,-1.0,14,0,193,0,1,0,0,0,0.7000000000000002,540193,44,0,0
rule,8.5,14,0,194,0,1,1,0,1,0.9000000000000004,540194,44,0,0
rule,4.199999999999999,12,0,195,0,1,1,0,1,0.9200000000000002,540195,44,0,0
rule,2.8000000000000003,11,0,196,0,1,1,0,0,0.46,540196,44,0,0
rule,1.7999999999999998,14,0,197,0,1,1,0,0,0.37,540197,44,0,0
rule,7.100000000000001,13,0,198,0,1,1,0,1,0.6000000000000001,540198,44,0,0
rule,0.9,12,0,199,0,1,1,0,0,0.4,540199,44,0,0
supervised,2.7000000000000006,13,0,0,0,0,0,0,0,0.42999999999999994,540000,44,0,0
supervised,3.9,5,0,1,0,1,0,0,1,0.7500000000000002,540001,44,0,0
supervised,4.499999999999999,13,0,2,0,1,1,0,1,0.7900000000000003,540002,44,0,0
supervised,-5.5,14,0,3,0,1,0,0,0,0.3599999999999998,540003,44,0,0
supervised,4.1,12,0,4,0,1,1,0,0,0.5700000000000001,540004,44,0,0
supervised,4.399999999999999,12,0,5,0,1,1,0,1,1.0,540005,44,0,0
supervised,0.4999999999999999,10,0,6,0,0,0,0,0,0.44,540006,44,0,0
supervised,3.000000000000001,11,0,7,0,1,1,0,1,1.0,540007,44,0,0
supervised,5.300000000000001,14,0,8,0,1,1,0,0,0.6200000000000001,540008,44,0,0
supervised,8.7,12,0,9,0,0,0,0,1,0.8600000000000001,540009,44,0,0
supervised,6.3,12,0,10,0,1,1,0,1,0.8800000000000001,540010,44,0,0
supervised,5.0,12,0,11,0,1,0,0,0,0.47000000000000003,540011,44,0,0
supervised,3.4,14,0,12,0,0,0,0,0,0.52,540012,44,0,0
supervised,4.1,12,0,13,0,0,0,0,0,0.6499999999999999,540013,44,0,0
supervised,9.499999999999998,13,0,14,0,0,0,0,1,1.0,540014,44,0,0
supervised,8.1,13,0,15,0,1,0,0,1,0.6900000000000002,540015,44,0,0
supervised,8.999999999999996,14,0,16,0,1,0,0,1,1.0,540016,44,0,0
supervised,1.1,2,0,17,0,1,0,0,0,0.38,540017,44,0,0
supervised,4.6,11,0,18,0,0,0,0,0,0.49,540018,44,0,0
supervised,3.8000000000000007,13,0,19,0,1,1,0,0,0.54,540019,44,0,0
supervised,6.699999999999999,10,0,20,0,1,0,0,1,0.9300000000000004,540020,44,0,0
supervised,8.2,10,0,21,0,1,0,0,1,0.7400000000000002,540021,44,0,0
supervised,1.4,2,0,22,0,1,0,0,0,0.6300000000000001,540022,44,0,0
supervised,8.2,13,0,23,0,1,0,0,1,1.0,540023,44,0,0
supervised,1.6999999999999997,12,0,24,0,1,1,0,0,0.57,540024,44,0,0
supervised,0.7,11,0,25,0,0,0,0,0,0.55,540025,44,0,0
supervised,9.0,13,0,26,0,1,1,0,1,0.9500000000000004,540026,44,0,0
supervised,3.5000000000000004,14,0,27,0,1,1,0,1,0.7200000000000002,540027,44,0,0
supervised,0.4999999999999999,11,0,28,0,0,0,0,0,0.6100000000000001,540028,44,0,0
supervised,5.699999999999999,11,0,29,0,1,1,0,1,0.9200000000000004,540029,44,0,0
supervised,9.5,12,0,30,0,0,0,0,1,1.0,540030,44,0,0
supervised,8.0,10,0,31,0,1,1,0,1,0.8100000000000003,540031,44,0,0
supervised,0.09999999999999998,3,0,32,0,1,0,0,0,0.39,540032,44,0,0
supervised,7.600000000000001,12,0,33,0,1,1,0,1,0.5900000000000001,540033,44,0,0
supervised,0.0,10,0,34,0,1,1,0,0,0.43,540034,44,0,0
supervised,4.3,14,0,35,0,1,1,0,0,0.53,540035,44,0,0
supervised,1.1,2,0,36,0,1,0,0,0,0.5700000000000001,540036,44,0,0
supervised,5.1,14,0,37,0,1,1,0,1,1.0,540037,44,0,0
supervised,9.2,12,0,38,0,0,0,0,1,1.0,540038,44,0,0
supervised,2.4,12,0,39,0,1,0,0,0,0.45,540039,44,0,0
supervised,-2.1999999999999997,13,0,40,0,0,0,0,0,0.46,540040,44,0,0
supervised,6.2,13,0,41,0,1,1,0,1,0.9200000000000004,540041,44,0,0
supervised,8.100000000000001,13,0,42,0,1,1,0,1,0.79,540042,44,0,0
supervised,8.7,11,0,43,0,1,0,0,1,0.9000000000000004,540043,44,0,0
supervised,3.6000000000000005,10,0,44,0,1,1,0,1,1.0,540044,44,0,0
supervised,1.1,2,0,45,0,1,0,0,0,0.37,540045,44,0,0
supervised,8.999999999999996,14,0,46,0,1,0,0,1,1.0,540046,44,0,0
supervised,-1.2999999999999998,13,0,47,0,1,0,0,0,0.6000000000000001,540047,44,0,0
supervised,4.799999999999999,10,0,48,0,0,0,0,1,0.7500000000000002,540048,44,0,0
supervised,0.7000000000000001,11,0,49,0,1,0,0,0,0.36,540049,44,0,0
supervised,8.699999999999998,14,0,50,0,1,0,0,1,1.0,540050,44,0,0
supervised,11.100000000000001,14,0,51,0,1,0,0,1,0.8600000000000003,540051,44,0,0
supervised,5.3999999999999995,14,0,52,0,1,1,0,1,1.0,540052,44,0,0
supervised,6.6,10,0,53,0,1,0,0,1,0.7200000000000002,540053,44,0,0
supervised,-0.5000000000000003,11,0,54,0,0,0,0,0,0.18999999999999995,540054,44,0,0
supervised,1.7000000000000002,3,0,55,0,1,0,0,0,0.71,540055,44,0,0
supervised,2.600000000000001,11,0,56,0,1,0,0,0,0.39,540056,44,0,0
supervised,1.5,11,0,57,0,1,0,0,0,0.6300000000000001,540057,44,0,0
supervised,7.199999999999999,10,0,58,0,1,1,0,1,0.8700000000000003,540058,44,0,0
supervised,1.7000000000000002,3,0,59,0,1,0,0,0,0.5800000000000001,540059,44,0,0
supervised,4.5,13,0,60,0,1,1,0,0,0.55,540060,44,0,0
supervised,2.0,4,0,61,0,1,0,0,0,0.6300000000000001,540061,44,0,0
supervised,7.099999999999999,13,0,62,0,1,0,0,1,0.8800000000000003,540062,44,0,0
supervised,6.299999999999999,13,0,63,0,1,1,0,1,1.0,540063,44,0,0
supervised,9.2,12,0,64,0,0,0,0,1,1.0,540064,44,0,0
supervised,6.999999999999999,12,0,65,0,1,0,0,1,0.7100000000000002,540065,44,0,0
supervised,9.299999999999999,11,0,66,0,0,0,0,1,0.6100000000000001,540066,44,0,0
supervised,9.0,11,0,67,0,1,0,0,1,0.9200000000000002,540067,44,0,0
supervised,8.799999999999999,13,0,68,0,1,1,0,1,1.0,540068,44,0,0
supervised,-0.20000000000000007,10,0,69,0,1,1,0,0,0.19,540069,44,0,0
supervised,8.7,11,0,70,0,1,0,0,1,0.9400000000000004,540070,44,0,0
supervised,0.09999999999999998,3,0,71,0,1,0,0,0,0.42,540071,44,0,0
supervised,5.3999999999999995,12,0,72,0,1,1,0,1,1.0,540072,44,0,0
supervised,6.4,13,0,73,0,1,1,0,1,0.9300000000000004,540073,44,0,0
supervised,4.4,12,0,74,0,0,0,0,0,0.8,540074,44,0,0
supervised,7.9,14,0,75,0,1,1,0,1,0.7200000000000002,540075,44,0,0
supervised,1.9000000000000001,12,0,76,0,1,0,0,1,0.8100000000000003,540076,44,0,0
supervised,2.5999999999999996,12,0,77,0,0,0,0,1,0.8800000000000003,540077,44,0,0
supervised,-2.5,6,0,78,0,1,0,0,0,0.2,540078,44,0,0
supervised,3.3000000000000003,4,0,79,0,1,0,0,1,0.6200000000000001,540079,44,0,0
supervised,7.6,12,0,80,0,1,0,0,1,0.9100000000000004,540080,44,0,0
supervised,3.9999999999999996,13,0,81,0,1,1,0,0,0.6399999999999999,540081,44,0,0
supervised,2.5999999999999996,14,0,82,0,1,1,0,1,0.7100000000000002,540082,44,0,0
supervised,11.200000000000003,13,0,83,0,1,1,0,1,1.0,540083,44,0,0
supervised,7.599999999999999,14,0,84,0,1,1,0,1,0.8700000000000003,540084,44,0,0
supervised,5.1000000000000005,13,0,85,0,1,1,0,0,0.6100000000000001,540085,44,0,0
supervised,1.1,2,0,86,0,1,0,0,0,0.54,540086,44,0,0
supervised,2.8,13,0,87,0,0,0,0,1,1.0,540087,44,0,0
supervised,3.4,13,0,88,0,1,0,0,0,0.51,540088,44,0,0
supervised,0.6000000000000001,14,0,89,0,1,1,0,1,0.5900000000000001,540089,44,0,0
supervised,-1.3000000000000003,7,0,90,0,1,0,0,0,0.20999999999999996,540090,44,0,0
supervised,0.49999999999999983,10,0,91,0,0,0,0,0,0.51,540091,44,0,0
supervised,2.9000000000000004,11,0,92,0,1,1,0,1,0.6500000000000001,540092,44,0,0
supervised,1.2000000000000002,12,0,93,0,1,1,0,0,0.8,540093,44,0,0
supervised,2.2000000000000006,14,0,94,0,0,0,0,1,1.0,540094,44,0,0
supervised,1.1,2,0,95,0,1,0,0,0,0.37,540095,44,0,0
supervised,5.099999999999999,12,0,96,0,1,1,0,1,1.0,540096,44,0,0
supervised,5.0,12,0,97,0,1,0,0,0,0.6200000000000001,540097,44,0,0
supervised,5.2,13,0,98,0,1,0,0,0,0.46,540098,44,0,0
supervised,-1.6,13,0,99,0,1,0,0,0,0.41,540099,44,0,0
supervised,2.4,13,0,100,0,1,0,0,0,0.6500000000000001,540100,44,0,0
supervised,-2.6,14,0,101,0,1,0,0,0,0.42,540101,44,0,0
supervised,9.3,12,0,102,0,1,1,0,1,0.8200000000000003,540102,44,0,0
supervised,-0.09999999999999998,13,0,103,0,1,1,0,0,0.51,540103,44,0,0
supervised,4.0,13,0,104,0,1,1,0,0,0.6200000000000001,540104,44,0,0
supervised,0.8999999999999999,11,0,105,0,1,0,0,0,0.7100000000000002,540105,44,0,0
supervised,-1.0,10,0,106,0,1,1,0,0,0.4,540106,44,0,0
supervised,1.1,2,0,107,0,1,0,0,0,0.6300000000000001,540107,44,0,0
supervised,8.7,13,0,108,0,0,0,0,1,0.9100000000000004,540108,44,0,0
supervised,5.6,14,0,109,0,1,1,0,1,0.7500000000000002,540109,44,0,0
supervised,3.3999999999999995,13,0,110,0,0,0,0,1,0.9600000000000004,540110,44,0,0
supervised,3.8000000000000003,10,0,111,0,0,0,0,0,0.5800000000000001,540111,44,0,0
supervised,9.099999999999998,13,0,112,0,1,0,0,1,1.0,540112,44,0,0
supervised,3.0000000000000004,10,0,113,0,1,0,0,0,0.5900000000000001,540113,44,0,0
supervised,4.1,13,0,114,0,1,1,0,0,0.6600000000000001,540114,44,0,0
supervised,4.300000000000001,12,0,115,0,1,0,0,1,0.6600000000000001,540115,44,0,0
supervised,7.8,11,0,116,0,1,0,0,1,0.9400000000000004,540116,44,0,0
supervised,4.3999999999999995,10,0,117,0,1,0,0,1,0.8000000000000003,540117,44,0,0
supervised,5.8,14,0,118,0,1,1,0,0,0.46,540118,44,0,0
supervised,0.5999999999999996,12,0,119,0,1,1,0,0,0.5800000000000001,540119,44,0,0
supervised,0.8999999999999996,13,0,120,0,1,1,0,0,0.7100000000000002,540120,44,0,0
supervised,0.09999999999999998,3,0,121,0,1,0,0,0,0.34,540121,44,0,0
supervised,0.09999999999999998,3,0,122,0,1,0,0,0,0.4,540122,44,0,0
supervised,4.0,14,0,123,0,0,0,0,1,1.0,540123,44,0,0
supervised,1.1,2,0,124,0,1,0,0,0,0.54,540124,44,0,0
supervised,7.8999999999999995,12,0,125,0,1,0,0,1,1.0,540125,44,0,0
supervised,4.8,11,0,126,0,0,0,0,0,0.7500000000000002,540126,44,0,0
supervised,1.4,4,0,127,0,1,0,0,0,0.47000000000000003,540127,44,0,0
supervised,1.9,12,0,128,0,0,0,0,0,0.26999999999999996,540128,44,0,0
supervised,7.999999999999999,11,0,129,0,1,1,0,1,0.7800000000000002,540129,44,0,0
supervised,4.1,14,0,130,0,1,1,0,1,1.0,540130,44,0,0
supervised,3.3000000000000003,12,0,131,0,1,1,0,0,0.6200000000000001,540131,44,0,0
supervised,0.6,12,0,132,0,0,0,0,0,0.35000000000000003,540132,44,0,0
supervised,6.3999999999999995,12,0,133,0,1,0,0,1,0.8300000000000003,540133,44,0,0
supervised,0.09999999999999998,3,0,134,0,1,0,0,0,0.37,540134,44,0,0
supervised,6.699999999999999,11,0,135,0,1,1,0,1,0.6300000000000001,540135,44,0,0
supervised,2.5,10,0,136,0,1,1,0,1,0.6900000000000002,540136,44,0,0
supervised,1.7999999999999998,10,0,137,0,0,0,0,0,0.25,540137,44,0,0
supervised,2.5999999999999996,10,0,138,0,1,1,0,1,0.78,540138,44,0,0
supervised,8.7,12,0,139,0,1,0,0,1,1.0,540139,44,0,0
supervised,-0.29999999999999993,10,0,140,0,1,0,0,0,0.47000000000000003,540140,44,0,0
supervised,7.1,10,0,141,0,1,0,0,1,0.8700000000000003,540141,44,0,0
supervised,2.0,10,0,142,0,1,0,0,0,0.6100000000000001,540142,44,0,0
supervised,-3.6999999999999997,10,0,143,0,0,0,0,0,0.20999999999999996,540143,44,0,0
supervised,7.8999999999999995,10,0,144,0,0,0,0,1,0.7100000000000002,540144,44,0,0
supervised,2.0,13,0,145,0,1,1,0,0,0.6600000000000001,540145,44,0,0
supervised,7.7,13,0,146,0,1,1,0,1,0.7900000000000003,540146,44,0,0
supervised,8.799999999999999,10,0,147,0,1,0,0,1,1.0,540147,44,0,0
supervised,-2.3,11,0,148,0,1,1,0,0,0.55,540148,44,0,0
supervised,7.3,12,0,149,0,1,0,0,1,0.7500000000000002,540149,44,0,0
supervised,3.3000000000000003,10,0,150,0,1,1,0,0,0.51,540150,44,0,0
supervised,0.4,10,0,151,0,1,1,0,0,0.42000000000000004,540151,44,0,0
supervised,4.800000000000001,12,0,152,0,1,1,0,0,0.5700000000000001,540152,44,0,0
supervised,3.5000000000000004,12,0,153,0,1,1,0,0,0.38,540153,44,0,0
supervised,2.5999999999999996,13,0,154,0,0,0,0,0,0.26,540154,44,0,0
supervised,3.9,12,0,155,0,1,1,0,0,0.6500000000000001,540155,44,0,0
supervised,7.9,10,0,156,0,1,1,0,1,0.6600000000000001,540156,44,0,0
supervised,2.7,10,0,157,0,1,0,0,0,0.6100000000000001,540157,44,0,0
supervised,9.4,13,0,158,0,1,0,0,1,1.0,540158,44,0,0
supervised,1.1,2,0,159,0,1,0,0,0,0.6300000000000001,540159,44,0,0
supervised,4.5,12,0,160,0,1,1,0,1,1.0,540160,44,0,0
supervised,-4.5,14,0,161,0,0,0,0,0,0.32999999999999996,540161,44,0,0
supervised,2.4999999999999996,13,0,162,0,1,1,0,1,0.7200000000000002,540162,44,0,0
supervised,4.5,11,0,163,0,1,1,0,1,1.0,540163,44,0,0
supervised,5.4,10,0,164,0,1,0,0,1,0.9500000000000004,540164,44,0,0
supervised,8.9,12,0,165,0,1,0,0,1,0.9900000000000002,540165,44,0,0
supervised,0.5999999999999999,10,0,166,0,1,1,0,0,0.7000000000000002,540166,44,0,0
supervised,5.999999999999998,12,0,167,0,1,1,0,1,0.9200000000000004,540167,44,0,0
supervised,0.7000000000000001,13,0,168,0,1,0,0,0,0.39,540168,44,0,0
supervised,2.7000000000000006,10,0,169,0,1,1,0,0,0.57,540169,44,0,0
supervised,3.999999999999999,13,0,170,0,0,0,0,1,1.0,540170,44,0,0
supervised,0.6,9,0,171,0,1,1,0,0,0.16999999999999998,540171,44,0,0
supervised,1.8999999999999995,13,0,172,0,1,1,0,0,0.6500000000000001,540172,44,0,0
supervised,5.3999999999999995,10,0,173,0,1,1,0,1,0.9600000000000004,540173,44,0,0
supervised,-1.6,11,0,174,0,1,0,0,0,0.33999999999999997,540174,44,0,0
supervised,3.4,12,0,175,0,1,0,0,0,0.52,540175,44,0,0
supervised,5.6,10,0,176,0,1,1,0,0,0.6100000000000001,540176,44,0,0
supervised,6.1,13,0,177,0,1,1,0,1,0.6300000000000001,540177,44,0,0
supervised,0.4999999999999999,11,0,178,0,0,0,0,0,0.51,540178,44,0,0
supervised,4.3,14,0,179,0,1,1,0,0,0.45,540179,44,0,0
supervised,3.1999999999999997,10,0,180,0,1,1,0,1,0.8200000000000003,540180,44,0,0
supervised,11.200000000000001,13,0,181,0,1,0,0,1,0.8000000000000003,540181,44,0,0
supervised,8.899999999999999,12,0,182,0,0,0,0,1,0.9000000000000004,540182,44,0,0
supervised,-1.2000000000000002,5,0,183,0,1,0,0,0,0.49999999999999994,540183,44,0,0
supervised,-2.1999999999999997,10,0,184,0,0,0,0,0,0.42000000000000004,540184,44,0,0
supervised,2.7,12,0,185,0,1,1,0,0,0.6000000000000001,540185,44,0,0
supervised,3.999999999999999,14,0,186,0,0,0,0,1,1.0,540186,44,0,0
supervised,3.4,12,0,187,0,0,0,0,1,0.9500000000000002,540187,44,0,0
supervised,0.09999999999999998,5,0,188,0,1,0,0,0,0.43,540188,44,0,0
supervised,3.0000000000000004,13,0,189,0,1,0,0,0,0.6200000000000001,540189,44,0,0
supervised,1.4,2,0,190,0,1,0,0,0,0.5900000000000001,540190,44,0,0
supervised,-1.3000000000000003,10,0,191,0,1,0,0,0,0.6200000000000001,540191,44,0,0
supervised,6.300000000000001,10,0,192,0,1,1,0,1,0.6200000000000001,540192,44,0,0
supervised,-0.3999999999999998,14,0,193,0,1,1,0,0,0.7000000000000002,540193,44,0,0
supervised,8.5,14,0,194,0,1,1,0,1,0.9000000000000004,540194,44,0,0
supervised,1.1,2,0,195,0,1,0,0,0,0.6399999999999999,540195,44,0,0
supervised,1.5,11,0,196,0,1,0,0,0,0.46,540196,44,0,0
supervised,1.7999999999999998,14,0,197,0,1,1,0,0,0.37,540197,44,0,0
supervised,3.1999999999999997,13,0,198,0,1,1,0,0,0.46,540198,44,0,0
supervised,1.2000000000000002,12,0,199,0,1,1,0,0,0.4,540199,44,0,0
ppo,2.5999999999999996,13,0,0,0,0,0,0,0,0.42999999999999994,540000,44,0,0
ppo,5.099999999999999,12,0,1,0,1,0,0,1,0.9600000000000004,540001,44,0,0
ppo,4.499999999999999,13,0,2,0,1,1,0,1,0.7900000000000003,540002,44,0,0
ppo,4.799999999999999,14,0,3,0,1,1,0,1,1.0,540003,44,0,0
ppo,4.1,12,0,4,0,1,1,0,0,0.5700000000000001,540004,44,0,0
ppo,4.699999999999999,12,0,5,0,1,1,0,1,1.0,540005,44,0,0
ppo,0.7000000000000001,10,0,6,0,0,0,0,0,0.44,540006,44,0,0
ppo,3.000000000000001,11,0,7,0,1,1,0,1,1.0,540007,44,0,0
ppo,5.300000000000001,14,0,8,0,1,1,0,0,0.6200000000000001,540008,44,0,0
ppo,8.6,12,0,9,0,0,0,0,1,0.8600000000000001,540009,44,0,0
ppo,6.6,12,0,10,0,1,1,0,1,0.8800000000000001,540010,44,0,0
ppo,5.0,12,0,11,0,1,0,0,0,0.47000000000000003,540011,44,0,0
ppo,3.4,14,0,12,0,0,0,0,0,0.52,540012,44,0,0
ppo,4.0,12,0,13,0,0,0,0,0,0.6499999999999999,540013,44,0,0
ppo,12.7,8,1,14,0,0,0,0,1,0.8800000000000003,540014,44,0,0
ppo,5.9,13,0,15,0,1,1,0,0,0.6200000000000001,540015,44,0,0
ppo,8.999999999999996,14,0,16,0,1,0,0,1,1.0,540016,44,0,0
ppo,3.5,14,0,17,0,1,1,0,1,0.7300000000000002,540017,44,0,0
ppo,4.5,11,0,18,0,0,0,0,0,0.49,540018,44,0,0
ppo,3.8000000000000007,13,0,19,0,1,1,0,0,0.54,540019,44,0,0
ppo,6.9,10,0,20,0,1,1,0,1,0.7200000000000002,540020,44,0,0
ppo,8.2,10,0,21,0,1,0,0,1,0.7400000000000002,540021,44,0,0
ppo,4.5,11,0,22,0,1,1,0,1,0.9800000000000004,540022,44,0,0
ppo,8.2,13,0,23,0,1,0,0,1,1.0,540023,44,0,0
ppo,1.6999999999999997,12,0,24,0,1,1,0,0,0.57,540024,44,0,0
ppo,0.7,11,0,25,0,0,0,0,0,0.55,540025,44,0,0
ppo,9.0,13,0,26,0,1,1,0,1,0.9500000000000004,540026,44,0,0
ppo,2.9000000000000004,14,0,27,0,1,1,0,1,0.6500000000000001,540027,44,0,0
ppo,0.7,11,0,28,0,0,0,0,0,0.6100000000000001,540028,44,0,0
ppo,5.699999999999999,11,0,29,0,1,1,0,1,0.9200000000000004,540029,44,0,0
ppo,13.7,10,1,30,0,0,0,0,1,0.9400000000000002,540030,44,0,0
ppo,7.6,10,0,31,0,1,0,0,1,0.8800000000000003,540031,44,0,0
ppo,-1.1102230246251565e-16,13,0,32,0,1,1,0,0,0.46,540032,44,0,0
ppo,7.600000000000001,12,0,33,0,1,1,0,1,0.5900000000000001,540033,44,0,0
ppo,5.4,10,0,34,0,1,1,0,1,0.6400000000000001,540034,44,0,0
ppo,5.300000000000001,14,0,35,0,1,1,0,0,0.6000000000000001,540035,44,0,0
ppo,2.9000000000000004,10,0,36,0,1,1,0,1,0.7100000000000002,540036,44,0,0
ppo,5.1,14,0,37,0,1,1,0,1,1.0,540037,44,0,0
ppo,13.0,8,1,38,0,0,0,0,1,0.7900000000000003,540038,44,0,0
ppo,2.4,12,0,39,0,1,0,0,0,0.45,540039,44,0,0
ppo,-2.1999999999999997,13,0,40,0,0,0,0,0,0.46,540040,44,0,0
ppo,10.2,8,1,41,0,1,1,0,1,0.8500000000000003,540041,44,0,0
ppo,8.100000000000001,13,0,42,0,1,1,0,1,0.79,540042,44,0,0
ppo,8.7,11,0,43,0,1,0,0,1,0.9000000000000004,540043,44,0,0
ppo,3.6000000000000005,10,0,44,0,1,1,0,1,1.0,540044,44,0,0
ppo,4.199999999999999,13,0,45,0,1,1,0,1,1.0,540045,44,0,0
ppo,8.999999999999996,14,0,46,0,1,0,0,1,1.0,540046,44,0,0
ppo,0.9000000000000001,13,0,47,0,1,1,0,0,0.7400000000000002,540047,44,0,0
ppo,4.799999999999999,10,0,48,0,0,0,0,1,0.7500000000000002,540048,44,0,0
ppo,-1.6999999999999997,9,0,49,0,1,1,0,0,0.21999999999999997,540049,44,0,0
ppo,8.699999999999998,14,0,50,0,1,0,0,1,1.0,540050,44,0,0
ppo,11.100000000000001,14,0,51,0,1,0,0,1,0.8600000000000003,540051,44,0,0
ppo,5.3999999999999995,14,0,52,0,1,1,0,1,1.0,540052,44,0,0
ppo,7.8999999999999995,10,0,53,0,1,0,0,1,0.7200000000000002,540053,44,0,0
ppo,-0.6000000000000002,11,0,54,0,0,0,0,0,0.18999999999999995,540054,44,0,0
ppo,3.6000000000000005,11,0,55,0,1,1,0,1,1.0,540055,44,0,0
ppo,2.600000000000001,11,0,56,0,1,0,0,0,0.39,540056,44,0,0
ppo,7.000000000000002,11,0,57,0,1,1,0,1,0.8400000000000003,540057,44,0,0
ppo,7.199999999999999,10,0,58,0,1,1,0,1,0.8700000000000003,540058,44,0,0
ppo,5.699999999999998,13,0,59,0,1,1,0,1,1.0,540059,44,0,0
ppo,5.3,13,0,60,0,1,0,0,0,0.6900000000000002,540060,44,0,0
ppo,3.5000000000000004,10,0,61,0,1,1,0,1,0.8400000000000003,540061,44,0,0
ppo,2.4,13,0,62,0,1,1,0,0,0.46,540062,44,0,0
ppo,6.299999999999999,13,0,63,0,1,1,0,1,1.0,540063,44,0,0
ppo,12.1,10,1,64,0,0,0,0,1,0.8600000000000001,540064,44,0,0
ppo,6.999999999999999,12,0,65,0,1,0,0,1,0.7100000000000002,540065,44,0,0
ppo,8.999999999999998,11,0,66,0,0,0,0,1,0.6100000000000001,540066,44,0,0
ppo,8.1,11,0,67,0,1,1,0,1,0.78,540067,44,0,0
ppo,8.799999999999999,13,0,68,0,1,1,0,1,1.0,540068,44,0,0
ppo,-0.20000000000000007,10,0,69,0,1,1,0,0,0.19,540069,44,0,0
ppo,8.7,11,0,70,0,1,0,0,1,0.9400000000000004,540070,44,0,0
ppo,0.29999999999999993,11,0,71,0,1,1,0,0,0.56,540071,44,0,0
ppo,5.3999999999999995,12,0,72,0,1,1,0,1,1.0,540072,44,0,0
ppo,5.1,13,0,73,0,1,1,0,0,0.7900000000000003,540073,44,0,0
ppo,4.300000000000001,12,0,74,0,0,0,0,0,0.8,540074,44,0,0
ppo,7.9,14,0,75,0,1,1,0,1,0.7200000000000002,540075,44,0,0
ppo,1.9,12,0,76,0,1,1,0,1,0.8100000000000003,540076,44,0,0
ppo,2.5999999999999996,12,0,77,0,0,0,0,1,0.8800000000000003,540077,44,0,0
ppo,1.9000000000000004,11,0,78,0,1,1,0,0,0.6200000000000001,540078,44,0,0
ppo,4.2,12,0,79,0,1,1,0,1,1.0,540079,44,0,0
ppo,6.6,12,0,80,0,1,0,0,1,0.9100000000000004,540080,44,0,0
ppo,4.799999999999999,13,0,81,0,1,0,0,0,0.78,540081,44,0,0
ppo,2.5999999999999996,14,0,82,0,1,1,0,1,0.7100000000000002,540082,44,0,0
ppo,15.400000000000002,11,1,83,0,1,1,0,1,0.8600000000000003,540083,44,0,0
ppo,9.5,14,0,84,0,1,1,0,1,0.7300000000000002,540084,44,0,0
ppo,7.4,13,0,85,0,1,1,0,1,0.6100000000000001,540085,44,0,0
ppo,5.399999999999999,11,0,86,0,1,1,0,1,0.9600000000000004,540086,44,0,0
ppo,3.0,13,0,87,0,0,0,0,1,1.0,540087,44,0,0
ppo,3.0000000000000004,13,0,88,0,1,1,0,0,0.37,540088,44,0,0
ppo,1.9,14,0,89,0,1,1,0,1,0.5900000000000001,540089,44,0,0
ppo,-1.3000000000000003,7,0,90,0,1,0,0,0,0.20999999999999996,540090,44,0,0
ppo,0.7,10,0,91,0,0,0,0,0,0.51,540091,44,0,0
ppo,2.9000000000000004,11,0,92,0,1,1,0,1,0.6500000000000001,540092,44,0,0
ppo,0.5999999999999999,12,0,93,0,1,1,0,0,0.8,540093,44,0,0
ppo,2.4000000000000004,14,0,94,0,0,0,0,1,1.0,540094,44,0,0
ppo,4.199999999999999,11,0,95,0,1,1,0,1,0.7200000000000002,540095,44,0,0
ppo,4.5,12,0,96,0,1,1,0,1,1.0,540096,44,0,0
ppo,5.3999999999999995,12,0,97,0,1,1,0,0,0.6200000000000001,540097,44,0,0
ppo,5.2,13,0,98,0,1,0,0,0,0.46,540098,44,0,0
ppo,-1.6,13,0,99,0,1,0,0,0,0.41,540099,44,0,0
ppo,1.4,13,0,100,0,1,1,0,0,0.44,540100,44,0,0
ppo,-2.3000000000000003,14,0,101,0,1,1,0,0,0.42000000000000004,540101,44,0,0
ppo,12.0,7,1,102,0,1,1,0,1,0.6800000000000002,540102,44,0,0
ppo,-1.7000000000000006,13,0,103,0,1,1,0,0,0.37,540103,44,0,0
ppo,4.0,13,0,104,0,1,1,0,0,0.6200000000000001,540104,44,0,0
ppo,0.8999999999999999,11,0,105,0,1,0,0,0,0.7100000000000002,540105,44,0,0
ppo,-0.30000000000000016,10,0,106,0,1,1,0,0,0.33,540106,44,0,0
ppo,3.5000000000000004,12,0,107,0,1,1,0,1,0.9800000000000004,540107,44,0,0
ppo,8.7,13,0,108,0,0,0,0,1,0.8400000000000003,540108,44,0,0
ppo,7.799999999999999,14,0,109,0,1,1,0,1,0.8900000000000003,540109,44,0,0
ppo,3.8999999999999995,13,0,110,0,0,0,0,1,0.8900000000000003,540110,44,0,0
ppo,3.7000000000000006,10,0,111,0,0,0,0,0,0.5800000000000001,540111,44,0,0
ppo,9.199999999999998,13,0,112,0,1,0,0,1,1.0,540112,44,0,0
ppo,3.5000000000000004,10,0,113,0,1,1,0,0,0.45,540113,44,0,0
ppo,4.1,13,0,114,0,1,1,0,0,0.6600000000000001,540114,44,0,0
ppo,13.8,11,1,115,0,1,1,0,1,0.8700000000000003,540115,44,0,0
ppo,7.8,11,0,116,0,1,0,0,1,0.9400000000000004,540116,44,0,0
ppo,4.3999999999999995,10,0,117,0,1,0,0,1,0.8000000000000003,540117,44,0,0
ppo,5.8,14,0,118,0,1,1,0,0,0.46,540118,44,0,0
ppo,0.5999999999999996,12,0,119,0,1,1,0,0,0.5800000000000001,540119,44,0,0
ppo,0.8999999999999996,13,0,120,0,1,1,0,0,0.7100000000000002,540120,44,0,0
ppo,0.8999999999999998,13,0,121,0,1,1,0,0,0.48000000000000004,540121,44,0,0
ppo,1.9,12,0,122,0,1,1,0,1,0.6800000000000002,540122,44,0,0
ppo,4.199999999999999,14,0,123,0,0,0,0,1,1.0,540123,44,0,0
ppo,-1.0,14,0,124,0,1,1,0,0,0.54,540124,44,0,0
ppo,7.8999999999999995,12,0,125,0,1,0,0,1,1.0,540125,44,0,0
ppo,4.8,11,0,126,0,0,0,0,0,0.7500000000000002,540126,44,0,0
ppo,-1.0,14,0,127,0,1,1,0,0,0.47000000000000003,540127,44,0,0
ppo,1.7999999999999998,12,0,128,0,0,0,0,0,0.26999999999999996,540128,44,0,0
ppo,7.999999999999999,11,0,129,0,1,1,0,1,0.7800000000000002,540129,44,0,0
ppo,3.499999999999999,14,0,130,0,1,1,0,1,1.0,540130,44,0,0
ppo,3.3000000000000003,12,0,131,0,1,1,0,0,0.6200000000000001,540131,44,0,0
ppo,0.4999999999999999,12,0,132,0,0,0,0,0,0.35000000000000003,540132,44,0,0
ppo,12.5,10,1,133,0,1,1,0,1,0.6900000000000002,540133,44,0,0
ppo,3.1999999999999997,10,0,134,0,1,1,0,1,0.7200000000000002,540134,44,0,0
ppo,6.699999999999999,11,0,135,0,1,1,0,1,0.6300000000000001,540135,44,0,0
ppo,0.8999999999999999,10,0,136,0,1,1,0,1,0.6200000000000001,540136,44,0,0
ppo,1.7999999999999998,10,0,137,0,0,0,0,0,0.25,540137,44,0,0
ppo,-0.7000000000000003,10,0,138,0,1,1,0,0,0.71,540138,44,0,0
ppo,8.0,12,0,139,0,1,1,0,1,0.8700000000000003,540139,44,0,0
ppo,4.499999999999999,10,0,140,0,1,1,0,1,0.7500000000000002,540140,44,0,0
ppo,7.1,10,0,141,0,1,0,0,1,0.8700000000000003,540141,44,0,0
ppo,2.0,10,0,142,0,1,0,0,0,0.6100000000000001,540142,44,0,0
ppo,-3.4999999999999996,10,0,143,0,0,0,0,0,0.20999999999999996,540143,44,0,0
ppo,7.799999999999999,10,0,144,0,0,0,0,1,0.7100000000000002,540144,44,0,0
ppo,2.0,13,0,145,0,1,1,0,0,0.6600000000000001,540145,44,0,0
ppo,13.7,12,1,146,0,1,1,0,1,0.8600000000000003,540146,44,0,0
ppo,8.799999999999999,10,0,147,0,1,0,0,1,1.0,540147,44,0,0
ppo,-2.3,11,0,148,0,1,1,0,0,0.55,540148,44,0,0
ppo,8.6,12,0,149,0,1,1,0,1,0.6800000000000002,540149,44,0,0
ppo,3.3000000000000003,10,0,150,0,1,1,0,0,0.51,540150,44,0,0
ppo,0.4,10,0,151,0,1,1,0,0,0.42000000000000004,540151,44,0,0
ppo,5.3999999999999995,12,0,152,0,1,1,0,0,0.5700000000000001,540152,44,0,0
ppo,3.3000000000000003,12,0,153,0,1,1,0,0,0.38,540153,44,0,0
ppo,2.5999999999999996,13,0,154,0,0,0,0,0,0.26,540154,44,0,0
ppo,3.9,12,0,155,0,1,1,0,0,0.6500000000000001,540155,44,0,0
ppo,8.2,10,0,156,0,1,1,0,1,0.6600000000000001,540156,44,0,0
ppo,2.7,10,0,157,0,1,0,0,0,0.54,540157,44,0,0
ppo,8.7,13,0,158,0,1,1,0,1,0.8700000000000003,540158,44,0,0
ppo,3.9,11,0,159,0,1,1,0,1,0.8400000000000003,540159,44,0,0
ppo,4.5,12,0,160,0,1,1,0,1,1.0,540160,44,0,0
ppo,-4.5,14,0,161,0,0,0,0,0,0.32999999999999996,540161,44,0,0
ppo,1.8999999999999995,13,0,162,0,1,1,0,1,0.9300000000000004,540162,44,0,0
ppo,4.5,11,0,163,0,1,1,0,1,1.0,540163,44,0,0
ppo,6.999999999999999,10,0,164,0,1,1,0,1,0.9500000000000004,540164,44,0,0
ppo,8.2,12,0,165,0,1,1,0,1,0.9200000000000002,540165,44,0,0
ppo,0.5999999999999999,10,0,166,0,1,1,0,0,0.7000000000000002,540166,44,0,0
ppo,5.699999999999999,12,0,167,0,1,1,0,1,0.9900000000000004,540167,44,0,0
ppo,4.6,13,0,168,0,1,1,0,0,0.46,540168,44,0,0
ppo,2.7000000000000006,10,0,169,0,1,1,0,0,0.57,540169,44,0,0
ppo,4.199999999999999,13,0,170,0,0,0,0,1,1.0,540170,44,0,0
ppo,0.6,9,0,171,0,1,1,0,0,0.16999999999999998,540171,44,0,0
ppo,1.8999999999999995,13,0,172,0,1,1,0,0,0.6500000000000001,540172,44,0,0
ppo,5.399999999999999,10,0,173,0,1,1,0,1,0.9600000000000004,540173,44,0,0
ppo,0.5999999999999999,11,0,174,0,1,1,0,0,0.6200000000000001,540174,44,0,0
ppo,4.799999999999999,12,0,175,0,1,0,0,0,0.73,540175,44,0,0
ppo,5.6,10,0,176,0,1,1,0,0,0.6100000000000001,540176,44,0,0
ppo,4.4,13,0,177,0,1,1,0,1,0.6300000000000001,540177,44,0,0
ppo,0.7000000000000001,11,0,178,0,0,0,0,0,0.51,540178,44,0,0
ppo,5.8999999999999995,14,0,179,0,1,1,0,0,0.52,540179,44,0,0
ppo,3.1999999999999997,10,0,180,0,1,1,0,1,0.8200000000000003,540180,44,0,0
ppo,13.6,12,1,181,0,1,1,0,1,0.6600000000000001,540181,44,0,0
ppo,12.7,8,1,182,0,0,0,0,1,0.6200000000000001,540182,44,0,0
ppo,4.199999999999999,11,0,183,0,1,1,0,1,0.9200000000000002,540183,44,0,0
ppo,-2.1999999999999997,10,0,184,0,0,0,0,0,0.42000000000000004,540184,44,0,0
ppo,2.7,12,0,185,0,1,1,0,0,0.6000000000000001,540185,44,0,0
ppo,4.199999999999999,14,0,186,0,0,0,0,1,1.0,540186,44,0,0
ppo,3.6,12,0,187,0,0,0,0,1,0.9500000000000002,540187,44,0,0
ppo,0.2999999999999999,14,0,188,0,1,1,0,0,0.5700000000000001,540188,44,0,0
ppo,3.0000000000000004,13,0,189,0,1,0,0,0,0.6200000000000001,540189,44,0,0
ppo,5.999999999999999,13,0,190,0,1,1,0,1,1.0,540190,44,0,0
ppo,-2.3000000000000003,11,0,191,0,1,1,0,0,0.55,540191,44,0,0
ppo,6.6,10,0,192,0,1,1,0,1,0.6200000000000001,540192,44,0,0
ppo,-0.3999999999999998,14,0,193,0,1,1,0,0,0.7000000000000002,540193,44,0,0
ppo,8.5,14,0,194,0,1,1,0,1,0.9000000000000004,540194,44,0,0
ppo,4.199999999999999,12,0,195,0,1,1,0,1,0.9200000000000002,540195,44,0,0
ppo,3.1,11,0,196,0,1,1,0,0,0.46,540196,44,0,0
ppo,1.7999999999999998,14,0,197,0,1,1,0,0,0.37,540197,44,0,0
ppo,3.1999999999999997,13,0,198,0,1,1,0,0,0.46,540198,44,0,0
ppo,1.2000000000000002,12,0,199,0,1,1,0,0,0.4,540199,44,0,0
